month,division,line,period,num_passengers,additional platform time,additional train time,total_apt,total_att,over_five_mins,over_five_mins_perc,customer journey time performance
2025-01-01,A DIVISION,1,offpeak,6180143.3798828125,0.741047302158242,0.532417824143318,4579778.578613281,3290418.4912109375,671979.3726501465,0.108732003667994,0.891267996332006
2025-01-01,A DIVISION,1,peak,6405407.2265625,0.718459361193401,0.540067930087449,4602024.7841796875,3459355.022216797,492888.73791503906,0.076948852817833,0.923051147182167
2025-01-01,A DIVISION,2,offpeak,3609503.623046875,1.306796087631845,0.550316508112318,4716885.212890625,1986369.4298539162,576156.2406616211,0.159622014778662,0.840377985221338
2025-01-01,A DIVISION,2,peak,4147634.7734375,1.147945687893569,0.570769495856153,4761259.453125,2367343.408630371,591446.9584960938,0.142598611209422,0.857401388790578
2025-01-01,A DIVISION,3,offpeak,2910440.5249023438,0.870716894270594,0.437349487694423,2534169.734802246,1272879.672531128,334059.4716796875,0.114779693596692,0.885220306403308
2025-01-01,A DIVISION,3,peak,3267368.474609375,0.908692271032316,0.575274541179413,2969032.4794921875,1879633.900094986,361750.15646362305,0.110716057669887,0.889283942330113
2025-01-01,A DIVISION,4,offpeak,4501017.7783203125,0.827987262268951,0.418586077430959,3726785.3876953125,1884063.376274109,562028.5919799805,0.124867001122959,0.875132998877041
2025-01-01,A DIVISION,4,peak,4596869.6171875,0.867645731531117,0.657547001868616,3988454.3017578125,3022657.8347625732,591981.7092895508,0.128779312573095,0.871220687426905
2025-01-01,A DIVISION,5,offpeak,3106828.3213500977,1.218640817955987,0.658667522321586,3786107.806778908,2046366.9127022028,440945.58311367035,0.141927888349509,0.858072111650491
2025-01-01,A DIVISION,5,peak,3988332.96484375,1.040254205264032,0.624718713924883,4148880.138671875,2491586.240501404,549851.8277587891,0.137865076112152,0.862134923887848
2025-01-01,A DIVISION,6,offpeak,6430083.421875,0.879624492158246,0.390752765966356,5656058.864501953,2512572.8824920654,601594.9367675781,0.093559429527923,0.906440570472077
2025-01-01,A DIVISION,6,peak,6789575.48828125,1.128721926117982,0.620532771434144,7663542.72265625,4213154.094604492,790746.3533935547,0.116464770847364,0.883535229152636
2025-01-01,A DIVISION,7,offpeak,5217063.47265625,0.817953248485582,0.367735564870223,4267314.015014648,1918499.7830810547,535274.6834869385,0.10260076119304,0.89739923880696
2025-01-01,A DIVISION,7,peak,5623006.119140625,0.892779683443437,0.350983178666222,5020105.623046875,1973580.5613555908,450508.6918029785,0.080118833637661,0.919881166362339
2025-01-01,A DIVISION,S 42nd,offpeak,452971.4250488281,0.466956976403452,-0.233309578465607,211518.16703796387,-105682.57223510742,6378.076931476593,0.014080528216077,0.985919471783923
2025-01-01,A DIVISION,S 42nd,peak,551533.8393554688,0.364066043807165,-0.243811977608578,200794.74291992188,-134470.5560913086,258.9253921508789,0.000469464199066,0.999530535800934
2025-01-01,B DIVISION,A,offpeak,4195048.725097656,1.211196575502008,0.76221095892825,5081028.649902344,3197512.111507416,810361.9102783203,0.193171036472158,0.806828963527842
2025-01-01,B DIVISION,A,peak,5076653.3125,1.460806382674066,0.590209390190662,7416007.5615234375,2996288.4557800293,768651.5634765625,0.151409110719448,0.848590889280552
2025-01-01,B DIVISION,B,offpeak,2742483.6978912354,1.852033092693404,1.051082304786021,5079170.564666748,2882576.0860176086,636352.1561074257,0.232034982230426,0.767965017769574
2025-01-01,B DIVISION,B,peak,3354941.9375,2.376424630246023,1.330614915439413,7972766.6533203125,4464135.782470703,815369.3052978516,0.243035295539404,0.756964704460596
2025-01-01,B DIVISION,C,offpeak,3192000.2075195312,1.609663850313782,0.601732858750734,5138047.344238281,1920731.410003662,581395.5438232422,0.182141449256057,0.817858550743943
2025-01-01,B DIVISION,C,peak,2621699.650390625,2.03926549368054,0.543019536238272,5346341.6318359375,1423634.1283111572,477089.55700683594,0.181977198240749,0.818022801759252
2025-01-01,B DIVISION,D,offpeak,3389935.3525390625,1.685890729938823,0.845792124322049,5715060.5859375,2867180.6231384277,809818.0467529297,0.238888935196471,0.761111064803529
2025-01-01,B DIVISION,D,peak,3233392.5234375,1.976569170372364,0.95417068677935,6391023.9775390625,3085208.364715576,721597.4282226562,0.223170376931381,0.776829623068619
2025-01-01,B DIVISION,E,offpeak,4608107.532714844,1.063175992588539,0.176792487816397,4899229.300048828,814678.794834137,633718.0393066406,0.137522406933349,0.862477593066651
2025-01-01,B DIVISION,E,peak,5006169.185546875,1.380146819145964,-0.419203463736309,6909248.4775390625,-2098603.4626312256,579151.8996582031,0.115687640228031,0.884312359771969
2025-01-01,B DIVISION,F,offpeak,5212715.318359375,1.963256351067929,0.132228104255275,10233896.455078125,689267.4645690918,1158948.9243164062,0.222331137139706,0.777668862860294
2025-01-01,B DIVISION,F,peak,5715102.453125,2.116382872997325,-0.362245925101139,12095344.94921875,-2070272.5751800537,1065840.4536132812,0.186495423722541,0.813504576277459
2025-01-01,B DIVISION,G,offpeak,1721946.267578125,1.273828177570472,1.368427236795096,2193463.6759033203,2356358.1728515625,347069.317489624,0.201556415565608,0.798443584434392
2025-01-01,B DIVISION,G,peak,1850923.76171875,1.288178580637068,1.25130993527782,2384320.3442382812,2316079.2924804688,387089.44635009766,0.209133111993035,0.790866888006965
2025-01-01,B DIVISION,JZ,offpeak,1732502.4051513672,1.305904545561132,0.48440655688354,2262482.7660827637,839235.5248718262,329381.219329834,0.190118765982929,0.809881234017071
2025-01-01,B DIVISION,JZ,peak,1755125.7897949219,1.213815352876639,0.436958642546137,2130398.6298828125,766917.3826065063,304986.54998779297,0.173769055050709,0.826230944949291
2025-01-01,B DIVISION,L,offpeak,3791710.119140625,0.889561505450969,0.526528218636876,3372959.3618164062,1996442.3746185303,322484.2035751343,0.085049804294698,0.914950195705303
2025-01-01,B DIVISION,L,peak,3890777.12890625,1.051733373989709,0.614013944483381,4092060.1572265625,2388991.4120254517,364342.0578689575,0.093642489867154,0.906357510132846
2025-01-01,B DIVISION,M,offpeak,2481827.8563842773,1.764788980349802,0.000992305703666,4379902.452072144,2462.7319374084473,496970.1596326828,0.200243606080201,0.799756393919799
2025-01-01,B DIVISION,M,peak,2687171.9313964844,1.910143637745817,-0.048001542431792,5132884.368286133,-128988.39748644829,531753.7454109192,0.19788601510681,0.80211398489319
2025-01-01,B DIVISION,N,offpeak,3211976.1625976562,1.477161456085262,0.542270680296174,4744607.385253906,1741760.4987869263,586749.3859863281,0.182675510739719,0.817324489260282
2025-01-01,B DIVISION,N,peak,3446660.771484375,1.863314181842722,0.351259221190576,6422211.8955078125,1210671.3782997131,593731.2327880859,0.172262741288689,0.827737258711311
2025-01-01,B DIVISION,Q,offpeak,3998625.7548828125,1.36804778681223,0.657717491491054,5470311.1142578125,2629966.100913048,774863.919128418,0.193782555964937,0.806217444035063
2025-01-01,B DIVISION,Q,peak,4237533.3671875,1.444260213983455,0.953551234803975,6120100.84765625,4040705.1748046875,883074.6279296875,0.208393551486249,0.791606448513751
2025-01-01,B DIVISION,R,offpeak,4523175.714355469,2.103755605053846,0.044096536634133,9515656.26171875,199456.38359069824,1005272.2390136719,0.222249212168163,0.777750787831837
2025-01-01,B DIVISION,R,peak,4879779.431640625,2.396780667599566,-0.037990872953801,11695761.00390625,-185387.08043003082,1099090.6118164062,0.225233666237017,0.774766333762983
2025-01-01,B DIVISION,S Fkln,offpeak,209587.48956298828,0.422770793916546,0.052769270676498,88607.46935752034,11059.778967157006,8358.13891196251,0.039878997212048,0.960121002787952
2025-01-01,B DIVISION,S Fkln,peak,208002.96118164062,0.3055407248092,0.007295120115591,63553.37552189827,1517.4065862186253,7686.833027236164,0.03695540190182,0.96304459809818
2025-01-01,B DIVISION,S Rock,offpeak,20364.85500907898,0.772199940138039,-0.746413700243919,15725.739818930626,-15200.606782257557,1862.641426205635,0.091463525047207,0.908536474952793
2025-01-01,B DIVISION,S Rock,peak,16558.37912750244,0.525553270752211,-0.784985680802892,8702.310308814049,-12998.090512394905,1166.7754884958267,0.070464353999353,0.929535646000647
2025-01-01,B DIVISION,W,offpeak,1757019.1022949219,1.015742634316642,0.099407677413686,1784679.2115097046,174661.18813061714,211431.69447815418,0.120335455773926,0.879664544226074
2025-01-01,B DIVISION,W,peak,1970225.595703125,1.068624481261195,-0.147112620152287,2105431.3051757812,-289845.0496749878,202837.69411468506,0.102951506952836,0.897048493047164
2025-02-01,A DIVISION,1,offpeak,4441686.388671875,1.470672738539331,0.687046184599251,6532267.0849609375,3051643.6865234375,618216.385559082,0.139185059786253,0.860814940213747
2025-02-01,A DIVISION,1,peak,5147344.1015625,1.003991351076692,0.594903834242976,5167888.958984375,3062174.7421875,494613.90087890625,0.096091089136389,0.903908910863611
2025-02-01,A DIVISION,2,offpeak,2696972.6420898438,1.087167011447269,0.560813002203888,2932059.6872558594,1512497.3242721558,412993.06353759766,0.153132092292036,0.846867907707964
2025-02-01,A DIVISION,2,peak,3307910.12109375,1.165352113025913,0.532566254580679,3854880.0493164062,1761681.30368042,440671.6294555664,0.133217534129936,0.866782465870064
2025-02-01,A DIVISION,3,offpeak,2189048.6611328125,0.758678207116623,0.51390708837612,1660783.513519287,1124967.6237564087,243825.59342956543,0.111384272884728,0.888615727115272
2025-02-01,A DIVISION,3,peak,2608765.5927734375,0.693554597663265,0.54053287379218,1809321.37109375,1410123.5629119873,249449.6755065918,0.095619811989852,0.904380188010148
2025-02-01,A DIVISION,4,offpeak,3441783.0278320312,1.012584358880921,0.380964020231178,3485095.6606445312,1311195.4990463257,442384.4858093262,0.128533519467084,0.871466480532916
2025-02-01,A DIVISION,4,peak,3810993.853515625,0.9111347588811,0.423947906610253,3472328.9658203125,1615662.8663024902,430370.939453125,0.112928793904013,0.887071206095987
2025-02-01,A DIVISION,5,offpeak,2396255.008758545,1.176564539309593,0.46540192272177,2819348.670448303,1115221.688407898,328651.3909897804,0.137152093491105,0.862847906508895
2025-02-01,A DIVISION,5,peak,3294655.666015625,0.976651815450975,0.366549344016547,3217731.4375,1207653.8731384277,371115.6901245117,0.112641722761067,0.887358277238933
2025-02-01,A DIVISION,6,offpeak,4609438.1943359375,1.062525351890244,0.451925373857112,4897644.939453125,2083122.079246521,500128.5901489258,0.108500986251097,0.891499013748903
2025-02-01,A DIVISION,6,peak,5300336.1796875,1.113311624539334,0.575680873357479,5900925.8828125,3051302.161010742,586468.3033447266,0.110647378479926,0.889352621520074
2025-02-01,A DIVISION,7,offpeak,3949220.54296875,1.012210056029262,0.662234905093772,3997440.7470703125,2615311.691467285,522593.9027709961,0.132328366340905,0.867671633659095
2025-02-01,A DIVISION,7,peak,4558816.03515625,1.263748869212166,0.738361372227818,5761198.609375,3366053.6634521484,511487.48541259766,0.112197439306205,0.887802560693795
2025-02-01,A DIVISION,S 42nd,offpeak,599333.6899414062,0.414032077414906,-0.118272401319047,248143.37271118164,-70884.63470077515,10452.244059801102,0.017439773927648,0.982560226072352
2025-02-01,A DIVISION,S 42nd,peak,831418.8662109375,0.399069568155949,-0.128685567553565,331793.9678955078,-106991.6086730957,1000.7105531692505,0.001203617807868,0.998796382192132
2025-02-01,B DIVISION,A,offpeak,3040063.5249023438,1.055034628785759,0.641700910843309,3207372.2924804688,1950811.532951355,549589.6708374023,0.180782298243277,0.819217701756723
2025-02-01,B DIVISION,A,peak,4060887.01171875,0.870060904951132,0.260111839612497,3533219.0283203125,1056284.7910766602,501702.62255859375,0.123545082911886,0.876454917088114
2025-02-01,B DIVISION,B,offpeak,1852045.7403564453,1.709238255593776,0.911822859889826,3165587.4305267334,1688737.6436185837,402173.3240814209,0.217150859354056,0.782849140645944
2025-02-01,B DIVISION,B,peak,2532100.6298828125,1.764703690460626,0.937812253260362,4468407.326171875,2374634.997192383,557714.3479003906,0.220257576384791,0.779742423615209
2025-02-01,B DIVISION,C,offpeak,2309112.0603027344,1.515847464080965,0.523877064187194,3500261.660888672,1209690.8470306396,390449.7047729492,0.169090842963143,0.830909157036857
2025-02-01,B DIVISION,C,peak,2115785.8330078125,1.515203725329055,0.293106086006055,3205846.576171875,620149.7043399811,324718.13037109375,0.153474007295659,0.846525992704341
2025-02-01,B DIVISION,D,offpeak,2493370.9809570312,1.71118072045775,0.729797688390709,4266608.3515625,1819656.3782029152,581847.7572631836,0.23335787642794,0.76664212357206
2025-02-01,B DIVISION,D,peak,2580841.798828125,1.612749591821989,0.769275773866875,4162251.5576171875,1985379.0720214844,543843.0465087891,0.210723124042601,0.789276875957399
2025-02-01,B DIVISION,E,offpeak,3438738.734375,1.208972858083109,0.554090117679155,4157341.7958984375,1905371.1499977112,573923.3599853516,0.166899379196269,0.833100620803731
2025-02-01,B DIVISION,E,peak,4077744.40625,1.372814797740779,-0.139229211694885,5597987.8623046875,-567741.139175415,547992.7772216797,0.134386249511315,0.865613750488685
2025-02-01,B DIVISION,F,offpeak,3819055.58203125,1.81419848705151,0.355960872209179,6928524.858886719,1359434.3559951782,809688.7681884766,0.212012826416584,0.787987173583416
2025-02-01,B DIVISION,F,peak,4596758.626953125,1.758312586904684,-0.17865271383138,8082538.552734375,-821223.4035329819,797246.7027587891,0.173436712139752,0.826563287860248
2025-02-01,B DIVISION,G,offpeak,1389234.2056884766,1.175671228519249,1.281423169248421,1633282.6853027344,1780196.8986816406,258079.61708068848,0.185771136374222,0.814228863625778
2025-02-01,B DIVISION,G,peak,1589391.27734375,1.210913762036359,1.178317536683604,1924615.7709960938,1872807.6147460938,307910.69830322266,0.193728695188144,0.806271304811856
2025-02-01,B DIVISION,JZ,offpeak,1365306.7937011719,1.370626028131823,0.607103535591938,1871325.0278320312,828882.5816236734,269436.727142334,0.197345188924114,0.802654811075886
2025-02-01,B DIVISION,JZ,peak,1498257.744140625,1.13221000286446,0.523912305730654,1696342.4047851562,784955.6693115234,270956.8348388672,0.180847945487699,0.819152054512301
2025-02-01,B DIVISION,L,offpeak,2957490.8671875,1.231030398284382,0.59155759308188,3640761.16015625,1749526.1789550781,308029.0821762085,0.104152166822796,0.895847833177204
2025-02-01,B DIVISION,L,peak,3217659.27734375,1.95497148836631,0.73272861235957,6290432.146484375,2357671.0173339844,378156.5993041992,0.117525370683864,0.882474629316136
2025-02-01,B DIVISION,M,offpeak,1908063.984008789,2.086805869694404,0.154934729261729,3981759.1215820312,295625.37677645683,415075.9970703125,0.21753777679837,0.78246222320163
2025-02-01,B DIVISION,M,peak,2285416.1884765625,1.924827312495915,0.170279807496177,4399031.5,389160.2286224365,485322.75146484375,0.212356398765319,0.787643601234681
2025-02-01,B DIVISION,N,offpeak,2484925.5151367188,1.319267194301385,0.535680621017429,3278280.7124023438,1331126.4431304932,457260.59197998047,0.184013802101759,0.815986197898241
2025-02-01,B DIVISION,N,peak,2796109.291015625,1.44501073033642,0.32574775611348,4040407.9287109375,910826.3273963928,453863.2647705078,0.162319572496271,0.837680427503729
2025-02-01,B DIVISION,Q,offpeak,2937909.98828125,1.351893078435062,0.644521062167485,3971740.1782226562,1893544.8661994934,593570.8182983398,0.202038462943377,0.797961537056622
2025-02-01,B DIVISION,Q,peak,3381436.939453125,1.226541287866055,0.75489610393774,4147472.0185546875,2552633.5713043213,631614.4927978516,0.186788783616944,0.813211216383056
2025-02-01,B DIVISION,R,offpeak,3273776.8515625,1.98397128577389,0.089261403735675,6495079.26953125,292221.91728782654,716137.6194458008,0.218749674127607,0.781250325872393
2025-02-01,B DIVISION,R,peak,3910610.396484375,2.215247009050806,-0.03278627703009,8662967.984375,-128214.35581588745,842191.5817871094,0.215360646139599,0.784639353860401
2025-02-01,B DIVISION,S Fkln,offpeak,171802.69317626953,0.854086995112401,-0.002645200654655,146734.4459671378,-454.4525964614004,9375.74796140194,0.054572764769074,0.945427235230926
2025-02-01,B DIVISION,S Fkln,peak,172709.2879638672,0.347831412329364,0.015580896849599,60073.715554870665,2690.965600732714,8870.777731895447,0.051362482217814,0.948637517782186
2025-02-01,B DIVISION,S Rock,offpeak,7982.049223899841,0.897101469610293,-0.00864289921066,7160.708089262247,-68.98804693669081,726.4370294809341,0.091008838595713,0.908991161404287
2025-02-01,B DIVISION,S Rock,peak,8437.321586608887,0.078254608807426,-0.133532872319185,660.2593001425266,-1126.6597861405462,412.7627784013748,0.048921067445916,0.951078932554084
2025-02-01,B DIVISION,W,offpeak,1134794.0372314453,1.032227536878131,0.079396782742024,1171365.6539154053,90098.99563100934,140175.60464572906,0.123525150861486,0.876474849138514
2025-02-01,B DIVISION,W,peak,1537958.837890625,1.013326486034703,-0.241194394755263,1558454.4248657227,-370947.0510635376,142814.03648376465,0.092859466043734,0.907140533956266
2025-03-01,A DIVISION,1,offpeak,5158115.595703125,1.022757167829412,0.604818901690772,5275499.697998047,3119725.809387207,661037.4311828613,0.128154830755155,0.871845169244845
2025-03-01,A DIVISION,1,peak,5711405.55078125,0.95181463517004,0.580919313896641,5436199.390625,3317865.7939453125,515069.4321899414,0.090182605246704,0.909817394753296
2025-03-01,A DIVISION,2,offpeak,3128967.45703125,1.24770981961278,0.665492330509458,3904043.4213867188,2082303.845067978,540607.2315673828,0.172774961386242,0.827225038613758
2025-03-01,A DIVISION,2,peak,3678032.34765625,1.009633556710208,0.533690079131294,3713464.880859375,1962929.3746681213,490447.0770263672,0.133344960203761,0.866655039796239
2025-03-01,A DIVISION,3,offpeak,2482502.8173828125,0.866150662867253,0.505801201392174,2150221.4608459473,1255652.907491684,303240.6062011719,0.122151162962572,0.877848837037428
2025-03-01,A DIVISION,3,peak,2845955.587890625,0.69093512639645,0.505395405149818,1966370.6838378906,1438332.877380371,281897.3437805176,0.099051912468337,0.900948087531663
2025-03-01,A DIVISION,4,offpeak,3876815.5234375,0.947613816770085,0.424720167255623,3673723.955078125,1646561.7375335693,506317.07482910156,0.130601281326938,0.869398718673062
2025-03-01,A DIVISION,4,peak,4142943.21484375,1.085964724402606,0.503235051876844,4499090.1865234375,2084874.2436447144,472395.27880859375,0.114024077645102,0.885975922354898
2025-03-01,A DIVISION,5,offpeak,2717039.026298523,1.129037015073952,0.563476397801221,3067637.632091522,1530987.3632240295,382551.72627687454,0.140797287994068,0.859202712005932
2025-03-01,A DIVISION,5,peak,3553662.677734375,1.17392082242902,0.499329622268143,4171718.61328125,1774449.042541504,433611.3717651367,0.122018157345644,0.877981842654356
2025-03-01,A DIVISION,6,offpeak,5170851.6865234375,1.020587703181325,0.448747122284416,5277307.646240234,2320404.814086914,540866.7412109375,0.104599159674329,0.895400840325671
2025-03-01,A DIVISION,6,peak,5790747.84765625,1.078743753094785,0.547802843135464,6246733.06640625,3172188.13482666,600835.2858886719,0.103757804984006,0.896242195015994
2025-03-01,A DIVISION,7,offpeak,4396265.033203125,1.633175381994635,0.580245131990606,7179871.824951172,2550911.3844566345,590097.7454223633,0.134227063419882,0.865772936580119
2025-03-01,A DIVISION,7,peak,4943944.779296875,1.041312464653855,0.404644153584845,5148191.3232421875,2000538.3505887985,418498.97427368164,0.0846487962459,0.9153512037541
2025-03-01,A DIVISION,S 42nd,offpeak,663503.0775146484,0.408238702566267,-0.131569744113533,270867.63551330566,-87296.93012714386,10996.319732308388,0.01657312543824,0.98342687456176
2025-03-01,A DIVISION,S 42nd,peak,880730.1767578125,0.383392849559982,-0.139804429343068,337665.65216064453,-123129.9797668457,814.8488411903381,0.000925196913531,0.999074803086469
2025-03-01,B DIVISION,A,offpeak,3603674.2661132812,0.978523324621599,0.557976916836509,3526279.3237304688,2010767.0562889576,615892.4072265625,0.170906791720337,0.829093208279662
2025-03-01,B DIVISION,A,peak,4579139.771484375,0.945087413629741,0.236539220858167,4327687.36328125,1083146.1537475586,579834.6303710938,0.126625230787208,0.873374769212792
2025-03-01,B DIVISION,B,offpeak,1960170.2102508545,1.394839587052289,0.740392489139164,2734123.0066184998,1451295.3011040688,366616.7425225973,0.187033116106626,0.812966883893374
2025-03-01,B DIVISION,B,peak,2641760.2978515625,1.537196776099826,0.675460203648086,4060905.4130859375,1784403.9487762451,509570.68701171875,0.192890584140481,0.807109415859519
2025-03-01,B DIVISION,C,offpeak,2662566.0102539062,1.416875938409397,0.55540902213032,3772525.7143554688,1478813.1841125488,426203.38537597656,0.16007242026474,0.83992757973526
2025-03-01,B DIVISION,C,peak,2340586.150390625,1.431388805703216,0.274963913294363,3350288.814453125,643576.7273139954,340643.4514160156,0.145537668570398,0.854462331429602
2025-03-01,B DIVISION,D,offpeak,2801615.7475585938,1.465343517348123,0.608386274167821,4105329.4737854004,1704464.5663070679,588197.4025878906,0.209949349085599,0.790050650914401
2025-03-01,B DIVISION,D,peak,2808929.7958984375,1.469629589114207,0.556619419792189,4128086.341796875,1563504.8732299805,540337.564453125,0.192364211181824,0.807635788818176
2025-03-01,B DIVISION,E,offpeak,3784924.6650390625,1.475678565297216,0.543027258195416,5585332.199462891,2055317.263332367,618241.5554504395,0.163343160079531,0.836656839920469
2025-03-01,B DIVISION,E,peak,4311009.4375,1.199009662955824,-0.263994587205278,5168941.97265625,-1138083.1568908691,495310.8633117676,0.114894404777505,0.885105595222495
2025-03-01,B DIVISION,F,offpeak,4195184.3642578125,1.750527536189141,0.245413150751299,7343785.7490234375,1029553.412815094,869819.4790039062,0.20733760509183,0.79266239490817
2025-03-01,B DIVISION,F,peak,4958088.544921875,1.504172098107672,-0.355522051160534,7457818.44921875,-1762709.8093261719,729340.1040039062,0.147101064734091,0.852898935265909
2025-03-01,B DIVISION,G,offpeak,1597861.6241455078,1.072144301545192,1.118112035708918,1713138.2349853516,1786588.3133544922,252772.21770477295,0.158194060039428,0.841805939960572
2025-03-01,B DIVISION,G,peak,1779742.474609375,1.093092764451228,0.993496162822108,1945423.6215820312,1768167.3193359375,315248.9650878906,0.177131787090198,0.822868212909802
2025-03-01,B DIVISION,JZ,offpeak,1563061.4291992188,1.327954734406468,0.457650977094071,2075674.8250732422,715336.5903310776,295523.1105957031,0.189066856282868,0.810933143717132
2025-03-01,B DIVISION,JZ,peak,1676290.9638671875,1.443990296093779,0.5393924644287,2420547.8852539062,904178.714099884,322803.1848754883,0.192569900950122,0.807430099049878
2025-03-01,B DIVISION,L,offpeak,3364511.595703125,1.214714213456747,0.596354328154394,4086920.056640625,2006441.0522232056,328538.40215301514,0.097648170561397,0.902351829438604
2025-03-01,B DIVISION,L,peak,3490510.775390625,0.720637485195863,0.53952357144949,2515392.9072265625,1883212.8397216797,233627.96908950806,0.066932315676167,0.933067684323833
2025-03-01,B DIVISION,M,offpeak,2157975.305908203,1.919478243876113,0.092686733347013,4142186.6505126953,200015.68174815178,421996.68267059326,0.195552137003251,0.804447862996749
2025-03-01,B DIVISION,M,peak,2523166.8642578125,1.770389547533165,0.047110611542163,4466988.2431640625,118867.93399810791,469893.13830566406,0.186231495412367,0.813768504587634
2025-03-01,B DIVISION,N,offpeak,2730993.3623046875,1.374883555455779,0.572620055235818,3754797.8638916016,1563821.5699715614,488494.36193847656,0.178870578259566,0.821129421740434
2025-03-01,B DIVISION,N,peak,3066350.755859375,1.414173875109754,0.27467625957504,4336353.130859375,842253.7561645508,476757.2961425781,0.1554803524129,0.8445196475871
2025-03-01,B DIVISION,Q,offpeak,3301058.342529297,1.709525363150078,0.658221043135268,5643242.961791992,2172826.0656700134,676576.6621704102,0.204957499070438,0.795042500929562
2025-03-01,B DIVISION,Q,peak,3749017.9453125,1.501372114539404,0.74556648661443,5628671,2795142.137741089,742059.1187744141,0.197934266946423,0.802065733053577
2025-03-01,B DIVISION,R,offpeak,3691926.6987304688,1.474511522702737,0.083163808847154,5443788.458251953,307034.68625092506,678091.2901916504,0.183668676418961,0.816331323581039
2025-03-01,B DIVISION,R,peak,4290036.953125,1.420362949689044,-0.041501327924163,6093409.541015625,-178042.23039841652,660813.5969238281,0.154034476659337,0.845965523340663
2025-03-01,B DIVISION,S Fkln,offpeak,192373.45248413086,0.455734208609828,-0.017183344902373,87671.16312539577,-3305.6193840950727,8444.43393445015,0.043896046078119,0.956103953921882
2025-03-01,B DIVISION,S Fkln,peak,194977.0557861328,0.303204798982395,-0.00337409558188,59117.9790058136,-657.8712224960327,8042.712966799736,0.041249535410062,0.958750464589938
2025-03-01,B DIVISION,S Rock,offpeak,8822.264931678772,1.179977999136806,-0.085833041506554,10410.078521937132,-757.241832062602,958.7327580451965,0.10867195277741,0.89132804722259
2025-03-01,B DIVISION,S Rock,peak,9325.46070098877,0.236250837067369,-0.22119544449808,2203.1478966474533,-2062.749424904585,651.8449647426605,0.069899491901086,0.930100508098914
2025-03-01,B DIVISION,W,offpeak,1347228.8264465332,0.772713079556295,0.147167875204576,1041021.3353505135,198268.80380249023,136383.32738089561,0.101232489020163,0.898767510979837
2025-03-01,B DIVISION,W,peak,1682847.68359375,0.718017459750441,-0.168902240971797,1208314.0189208984,-284236.7449731827,126135.9291381836,0.074953859679575,0.925046140320425
2025-04-01,A DIVISION,1,offpeak,5828222.2822265625,0.918439021424263,0.60327700667802,5352866.76953125,3516032.4926757812,662671.2059936523,0.113700400208568,0.886299599791432
2025-04-01,A DIVISION,1,peak,6128713.66015625,0.903920148167664,0.612846530383995,5539867.759765625,3755960.90234375,518756.3197631836,0.084643588937056,0.915356411062944
2025-04-01,A DIVISION,2,offpeak,3687375.263671875,1.291086326524493,0.683140532162718,4760719.783691406,2518995.4999084473,616568.940246582,0.167210792544235,0.832789207455765
2025-04-01,A DIVISION,2,peak,4185465.65625,1.326194918567193,0.530887548018833,5550743.28515625,2222011.5995635986,575272.3194580078,0.137445237090639,0.862554762909361
2025-04-01,A DIVISION,3,offpeak,2855608.3569335938,0.948692483877133,0.473854445404678,2709094.185119629,1353142.7142677307,340094.0147705078,0.119096869129388,0.880903130870612
2025-04-01,A DIVISION,3,peak,3128892.994140625,0.88033265094738,0.549073296417755,2754466.6640625,1717991.5904312134,333432.8462219238,0.106565755635086,0.893434244364914
2025-04-01,A DIVISION,4,offpeak,4501802.1298828125,0.89910409513581,0.502933421164959,4047588.73046875,2264106.7465896606,578590.1819458008,0.128524125506347,0.871475874493653
2025-04-01,A DIVISION,4,peak,4674460.83203125,0.971846795703268,0.419698953693721,4542859.78125,1961866.3202857971,521983.46087646484,0.111667094801528,0.888332905198472
2025-04-01,A DIVISION,5,offpeak,3170797.245239258,1.161625852808553,0.626170570503973,3683280.0540840626,1985459.920003891,458647.400124073,0.144647344074965,0.855352655925035
2025-04-01,A DIVISION,5,peak,3984531.91796875,1.296176089764998,0.400714598670448,5164655.0009765625,1596660.1083984375,486906.08514404297,0.122199067586403,0.877800932413597
2025-04-01,A DIVISION,6,offpeak,6154920.08203125,0.998045005332786,0.457492194969992,6142887.24609375,2815827.8981933594,630841.9049682617,0.102493923001527,0.897506076998473
2025-04-01,A DIVISION,6,peak,6561857.03125,1.050305815676941,0.51453201649995,6891956.6015625,3376285.5302734375,650422.6509399414,0.099121734570319,0.900878265429681
2025-04-01,A DIVISION,7,offpeak,5183481.8837890625,0.907973793294272,0.537821841406557,4706465.708496094,2787789.771636963,594034.2015380859,0.114601384717072,0.885398615282928
2025-04-01,A DIVISION,7,peak,5547934.5625,0.94779761710701,0.521280535680287,5258319.158203125,2892030.3006591797,468263.81298828125,0.084403268948665,0.915596731051335
2025-04-01,A DIVISION,S 42nd,offpeak,770344.1635742188,0.430771678022943,-0.135742824316254,331842.4479980469,-104568.69245910645,10227.591393113136,0.013276652017015,0.986723347982985
2025-04-01,A DIVISION,S 42nd,peak,956698.48828125,0.390276097499664,-0.139940862889437,373376.5524902344,-133881.21197509766,620.3180160522461,0.000648394477101,0.999351605522899
2025-04-01,B DIVISION,A,offpeak,4290199.7880859375,1.108119785982532,0.747683999040237,4754055.270996094,3207713.734237671,799499.90625,0.186354935840108,0.813645064159892
2025-04-01,B DIVISION,A,peak,5215714.029296875,0.884435710293221,0.017655136744833,4612963.7421875,92084.14440917969,597734.5977783203,0.11460264010274,0.88539735989726
2025-04-01,B DIVISION,B,offpeak,2762289.3582077026,1.362498309740978,0.789322063056676,3763614.5815734863,2180335.934980005,538253.8194484711,0.194857869559949,0.805142130440051
2025-04-01,B DIVISION,B,peak,3447858.484375,1.535698772720529,0.790478160709277,5294872.04296875,2725456.833114624,695166.0063476562,0.201622546139294,0.798377453860706
2025-04-01,B DIVISION,C,offpeak,3133643.125,1.489670364237841,0.694808183228,4668095.295410156,2177280.886566162,531738.7660827637,0.169687084607876,0.830312915392124
2025-04-01,B DIVISION,C,peak,2670319.00390625,1.311998049697553,0.241047193085203,3503453.3251953125,643672.9005336761,370552.2789916992,0.13876704560378,0.86123295439622
2025-04-01,B DIVISION,D,offpeak,3428360.5244140625,1.38226713720905,0.676198617169477,4738910.087402344,2318252.645767212,725581.7198486328,0.211641020447417,0.788358979552583
2025-04-01,B DIVISION,D,peak,3187315.2734375,1.362334949227634,0.587631596972391,4342190.9912109375,1872967.1641845703,589890.1717529297,0.185074308986301,0.814925691013699
2025-04-01,B DIVISION,E,offpeak,4482388.225097656,1.425044424666288,0.821442334941712,6387602.349365234,3682023.449739456,826422.0517578125,0.184370922431603,0.815629077568396
2025-04-01,B DIVISION,E,peak,4690776.388671875,1.587851506304919,-0.130715689671439,7448256.3544921875,-613158.0707397461,536872.4896240234,0.114452799523882,0.885547200476118
2025-04-01,B DIVISION,F,offpeak,5077623.099609375,1.649515476323268,0.366519941717427,8375617.8857421875,1861050.1225318909,1023508.4866943359,0.201572363016285,0.798427636983715
2025-04-01,B DIVISION,F,peak,5544525.23828125,1.214296924618125,-0.396600108381229,6732699.9453125,-2198959.3104248047,750451.1409912109,0.135349936872836,0.864650063127164
2025-04-01,B DIVISION,G,offpeak,1715960.0014648438,1.175503616682934,1.136601990144523,2017117.1878051758,1950363.5526733398,303789.7336730957,0.177037770935082,0.822962229064918
2025-04-01,B DIVISION,G,peak,1840071.9013671875,1.128202471837108,0.925221949401076,2075973.6674804688,1702474.9116210938,326895.00634765625,0.177653387405552,0.822346612594448
2025-04-01,B DIVISION,JZ,offpeak,1844336.6303710938,1.125104712082075,0.28405717429914,2075071.8334960938,523897.0516796112,317580.6813964844,0.172192362373991,0.827807637626009
2025-04-01,B DIVISION,JZ,peak,1866172.64453125,1.075399169833724,0.32474774177084,2006880.5126953125,606035.35206604,320152.8054199219,0.171555834535523,0.828444165464477
2025-04-01,B DIVISION,L,offpeak,3836774.1162109375,1.382981129959488,0.620699228509712,5306186.202636719,2381482.733898163,416587.5014152527,0.108577541652793,0.891422458347207
2025-04-01,B DIVISION,L,peak,3889331.74609375,1.782564676742192,0.823683172001498,6932985.38671875,3203577.109588623,446267.4462966919,0.114741419716871,0.885258580283129
2025-04-01,B DIVISION,M,offpeak,2574056.2348632812,1.918025542509359,0.131737749310294,4937105.606323242,339100.37497901917,518735.1577987671,0.201524407576247,0.798475592423753
2025-04-01,B DIVISION,M,peak,2885883.5,1.985857007630311,0.024132697539851,5730951.9716796875,69644.15364074707,530902.8664550781,0.183965453371586,0.816034546628414
2025-04-01,B DIVISION,N,offpeak,3267493.3276367188,1.168643594932276,0.819636021643709,3818535.148826599,2678155.2318115234,595025.8999633789,0.18210470238167,0.81789529761833
2025-04-01,B DIVISION,N,peak,3375112.080078125,1.316274722844346,0.272377082058678,4442574.7177734375,919303.1799926758,509998.0295410156,0.151105509221848,0.848894490778152
2025-04-01,B DIVISION,Q,offpeak,3854736.2783203125,1.226546692786308,0.637719730217704,4728014.033737183,2458241.379470825,725858.6598510742,0.188303066005689,0.811696933994311
2025-04-01,B DIVISION,Q,peak,4096435.162109375,1.246646081453854,0.588872400191484,5106804.8427734375,2412277.6061401367,753796.8054199219,0.184012873532647,0.815987126467353
2025-04-01,B DIVISION,R,offpeak,4213518.732910156,1.366025511162736,0.15978337148372,5755774.080917358,673250.228954196,757639.4938964844,0.179811587872829,0.820188412127171
2025-04-01,B DIVISION,R,peak,4759502.328125,1.379802344437607,-0.025773008866228,6567172.470703125,-122666.69570159912,729733.4987792969,0.153321387084346,0.846678612915654
2025-04-01,B DIVISION,S Fkln,offpeak,226848.96127319336,0.358213235678219,-0.011875007002024,81260.30042791367,-2693.8330035209656,7370.977736949921,0.032492887318417,0.967507112681582
2025-04-01,B DIVISION,S Fkln,peak,217023.37744140625,0.208911634936658,0.000552233099539,45338.708600759506,119.84749239683151,6174.12230348587,0.02844911168684,0.97155088831316
2025-04-01,B DIVISION,S Rock,offpeak,9242.372785568237,1.27206872018365,-0.145950911533671,11756.93332079798,-1348.9327327876817,1084.3977581262589,0.117328935251294,0.882671064748706
2025-04-01,B DIVISION,S Rock,peak,9769.530258178711,0.070151620130896,-0.274928140357652,685.3483755290508,-2685.918786048889,626.8182437419891,0.064160530463298,0.935839469536702
2025-04-01,B DIVISION,W,offpeak,1407137.2267456055,0.845541550718293,0.174284097336365,1189792.992775917,245241.64139175415,151832.67741036415,0.107901826861279,0.892098173138721
2025-04-01,B DIVISION,W,peak,1860022.46875,0.781661442468672,-0.196509057242323,1453907.8459472656,-365511.26178359985,141341.62686157227,0.075989204021045,0.924010795978955
2025-05-01,A DIVISION,1,offpeak,5338784.083984375,1.158230147808509,0.652067828867405,6183540.6787109375,3481249.346435547,687059.7088623047,0.12869216998743,0.87130783001257
2025-05-01,A DIVISION,1,peak,5807598.107421875,1.157671935865862,0.737482182684864,6723293.34375,4283000.128417969,660104.8521118164,0.113662281704416,0.886337718295584
2025-05-01,A DIVISION,2,offpeak,3426898.8408203125,1.343733472618415,0.520245785888522,4604838.6796875,1782829.6806030273,552688.0997314453,0.16127937397742,0.83872062602258
2025-05-01,A DIVISION,2,peak,3967897.3486328125,1.138764616749103,0.398944803320831,4518501.103515625,1582972.0273475647,518943.0012207031,0.130785389747926,0.869214610252074
2025-05-01,A DIVISION,3,offpeak,2609171.4677734375,1.057484977066416,0.463651992474006,2759159.629760742,1209747.54973948,318117.56771850586,0.121922829391498,0.878077170608502
2025-05-01,A DIVISION,3,peak,2980360.4208984375,0.868938142673404,0.445958978457494,2589748.8486328125,1329118.4887390137,307522.4224243164,0.103182964136805,0.896817035863195
2025-05-01,A DIVISION,4,offpeak,4212623.8642578125,0.905915395472224,0.415120043574843,3816280.8139648438,1748744.602095127,561599.6284179688,0.133313499261799,0.866686500738201
2025-05-01,A DIVISION,4,peak,4442207.951171875,0.875342201697945,0.430219393700362,3888452.0883789062,1911124.0114440918,486095.84240722656,0.109426629223648,0.890573370776352
2025-05-01,A DIVISION,5,offpeak,2940385.726448059,1.191351480400732,0.514728038645764,3503032.888153076,1513498.977836609,408595.7805223465,0.138959925171424,0.861040074828576
2025-05-01,A DIVISION,5,peak,3785260.3149414062,1.011912021704125,0.304671228384499,3830350.41796875,1153259.9099082947,422508.2670288086,0.111619342363604,0.888380657636396
2025-05-01,A DIVISION,6,offpeak,5704000.751953125,0.936696112333449,0.426211046864427,5342915.3291015625,2431108.13180542,529081.6664733887,0.092756240660071,0.907243759339929
2025-05-01,A DIVISION,6,peak,6241099.443359375,1.03691329938842,0.478519430987081,6471479.015625,2986487.354370117,587488.9222106934,0.094132280304521,0.905867719695479
2025-05-01,A DIVISION,7,offpeak,4982922.1025390625,1.040264811306333,0.506686417629604,5183558.520751953,2524778.9494628906,525306.650604248,0.105421405310867,0.894578594689133
2025-05-01,A DIVISION,7,peak,5412648.52734375,0.724851918631277,0.416435504918435,3923368.669921875,2254019.02243042,370128.0959472656,0.068382067314632,0.931617932685368
2025-05-01,A DIVISION,S 42nd,offpeak,709639.3790283203,0.533322046839587,-0.138126017468418,378466.3261413574,-98019.66126394272,13598.811801791191,0.019162989264225,0.980837010735775
2025-05-01,A DIVISION,S 42nd,peak,932435.4873046875,0.425536054032722,-0.143259994146881,396784.91790771484,-133580.70245361328,1026.117844581604,0.001100470604725,0.998899529395275
2025-05-01,B DIVISION,A,offpeak,4041748.0888671875,1.147903524527973,0.526663792335666,4639536.876464844,2128642.376148224,734708.42578125,0.181779865945869,0.818220134054131
2025-05-01,B DIVISION,A,peak,4971070.638671875,0.850982218361068,0.025900354078872,4230292.7197265625,128752.48969268799,561335.1912841797,0.112920381158404,0.887079618841596
2025-05-01,B DIVISION,B,offpeak,2526909.2703552246,1.36245182589302,0.863549783790958,3442792.1492614746,2182111.954074621,494594.13541841507,0.195730864269965,0.804269135730035
2025-05-01,B DIVISION,B,peak,3151124.990234375,1.383256028301078,0.711586376551286,4358812.638671875,2242297.613861084,628225.0696411133,0.199365328759741,0.800634671240259
2025-05-01,B DIVISION,C,offpeak,2956786.8989257812,1.347730268495045,0.466887272429554,3984951.201171875,1380486.1703948975,418226.7954711914,0.141446377357508,0.858553622642492
2025-05-01,B DIVISION,C,peak,2590409.068359375,1.246679771694451,0.141450862113965,3229410.5859375,366415.5959472656,322048.24310302734,0.124323315200172,0.875676684799828
2025-05-01,B DIVISION,D,offpeak,3169322.5439453125,1.422250335910321,0.661903926383258,4507570.052734375,2097787.035812378,682874.6997070312,0.215463932824255,0.784536067175744
2025-05-01,B DIVISION,D,peak,3104580.248046875,1.277962604592669,0.520076199593631,3967537.4599609375,1614618.296737671,579272.3640136719,0.186586371661064,0.813413628338936
2025-05-01,B DIVISION,E,offpeak,4107624.8012695312,1.098602024808453,0.49850742803502,4512644.923828125,2047681.475013733,649985.4907226562,0.158238768672778,0.841761231327222
2025-05-01,B DIVISION,E,peak,4509727.240234375,0.895297677039951,-0.301922216004953,4037548.322265625,-1361586.841949463,428449.1449584961,0.095005556242073,0.904994443757927
2025-05-01,B DIVISION,F,offpeak,4702801.83984375,1.598578807372222,0.225550879282719,7517799.3564453125,1060721.090069145,923051.8826904297,0.196277009775325,0.803722990224675
2025-05-01,B DIVISION,F,peak,5338609.6015625,1.363573171569109,-0.45209732523455,7279584.826171875,-2413571.1213378906,748084.3969726562,0.140127196555768,0.859872803444232
2025-05-01,B DIVISION,G,offpeak,1618999.3756103516,1.127518892483284,1.066537392258342,1825452.3829193115,1726723.3721313477,269873.84510040283,0.166691753663378,0.833308246336622
2025-05-01,B DIVISION,G,peak,1806448.39453125,1.033935440533976,0.890967305712608,1867751.0166015625,1609486.458984375,303759.3966064453,0.168152822702288,0.831847177297712
2025-05-01,B DIVISION,JZ,offpeak,1722472.1005859375,1.275266947172881,0.315919661555213,2196611.7373046875,544162.8030554056,308007.1834564209,0.17881693604886,0.82118306395114
2025-05-01,B DIVISION,JZ,peak,1798488.875,1.328154062212801,0.406783961417712,2388670.3051757812,731596.4291381836,321915.0155029297,0.178991941500294,0.821008058499706
2025-05-01,B DIVISION,L,offpeak,3515771.68359375,1.001656493107808,0.724689337373339,3521595.53515625,2547842.251739502,365106.8300180435,0.103848276531097,0.896151723468903
2025-05-01,B DIVISION,L,peak,3668402.513671875,1.517264837701805,0.752888144145757,5565938.14453125,2761896.760498047,416920.8293609619,0.113651876479511,0.886348123520489
2025-05-01,B DIVISION,M,offpeak,2376553.4614868164,1.759976669996742,0.213436607178841,4182678.647216797,507243.50759887695,474185.47706604004,0.199526534854125,0.800473465145875
2025-05-01,B DIVISION,M,peak,2762656.19140625,1.846216322525939,0.092567778195544,5100460.9541015625,255732.94555664062,525384.0180664062,0.190173507547088,0.809826492452912
2025-05-01,B DIVISION,N,offpeak,2991364.4965820312,1.382441796157683,0.600058816741854,4135387.3076171875,1794994.6402626038,535601.208190918,0.179049129185996,0.820950870814004
2025-05-01,B DIVISION,N,peak,3275031.3515625,1.281311966472038,0.302459415902623,4196336.861328125,990564.0696563721,483483.64532470703,0.147627180757839,0.852372819242161
2025-05-01,B DIVISION,Q,offpeak,3633774.173828125,1.446771142158783,0.593945692948158,5257239.611816406,2158264.5196914673,707151.0501098633,0.194605117511992,0.805394882488008
2025-05-01,B DIVISION,Q,peak,3995258.806640625,1.32869510200286,0.742526573453953,5308480.8076171875,2966585.831756592,758485.5280761719,0.18984640664967,0.81015359335033
2025-05-01,B DIVISION,R,offpeak,4104037.7099609375,1.589916194896113,0.197656515051824,6525076.01953125,811189.7913921475,787026.2632446289,0.191768769895664,0.808231230104336
2025-05-01,B DIVISION,R,peak,4660743.21484375,1.361116352115324,0.027387652699603,6343813.802734375,127646.81649017334,686119.8107910156,0.14721253224289,0.85278746775711
2025-05-01,B DIVISION,S Fkln,offpeak,212599.39599609375,0.456102604415647,0.005063682301513,96967.13821101189,1076.535798817873,9592.914258360863,0.045122020283337,0.954877979716663
2025-05-01,B DIVISION,S Fkln,peak,209609.56970214844,0.281178689374135,0.02196406871045,58937.74408912659,4603.878991305828,8279.001909255981,0.039497251585509,0.960502748414491
2025-05-01,B DIVISION,S Rock,offpeak,5254.289508461952,1.017855365535592,-0.04145528488649,5348.106768265367,-217.81806844938546,522.6786911487579,0.09947656867917,0.90052343132083
2025-05-01,B DIVISION,S Rock,peak,5562.766740560532,0.068780896071209,-0.159675879489908,382.6120810508728,-888.2396716962103,351.5727279186249,0.063201055215053,0.936798944784947
2025-05-01,B DIVISION,W,offpeak,1521579.4116210938,1.009430084306977,0.217545858619039,1535928.0337524414,331013.2995581627,184171.8120970726,0.121039894921328,0.878960105078672
2025-05-01,B DIVISION,W,peak,1857779.7626953125,0.756790762173686,-0.071781675363805,1405950.5625610352,-133354.5438232422,138994.86068725586,0.074817727848213,0.925182272151787
2025-06-01,A DIVISION,1,offpeak,5156152.5419921875,0.926958148417109,0.520693720960468,4779537.61328125,2684776.2529296875,571997.0279541016,0.11093485371034,0.88906514628966
2025-06-01,A DIVISION,1,peak,5586580.34375,0.950016993428969,0.549688708271788,5307346.26171875,3070880.1328125,509527.33380126953,0.091205585966611,0.908794414033389
2025-06-01,A DIVISION,2,offpeak,3318757.1020507812,1.28369280804027,0.443939499113092,4260264.623535156,1473327.365562439,525645.3793945312,0.158386216053509,0.841613783946491
2025-06-01,A DIVISION,2,peak,3882366.6640625,1.090190887169735,0.355599353256278,4232520.7578125,1380567.0748443604,471856.9143066406,0.121538472569948,0.878461527430052
2025-06-01,A DIVISION,3,offpeak,2578152.9291992188,1.0942159824697,0.434155101520449,2821056.1403808594,1119318.246711731,326719.8720397949,0.126726335098079,0.873273664901921
2025-06-01,A DIVISION,3,peak,2914865.412109375,0.898477032626126,0.45858344200163,2618939.6259765625,1336709.0136566162,314297.30603027344,0.107825666572656,0.892174333427344
2025-06-01,A DIVISION,4,offpeak,4090442.439453125,1.04065967055007,0.424974526746289,4256758.4814453125,1738333.8398895264,557206.5369262695,0.136221581204004,0.863778418795996
2025-06-01,A DIVISION,4,peak,4339453.095703125,0.888959314220177,0.284292093908904,3857597.248046875,1233672.2069969177,458786.93267822266,0.105724597676262,0.894275402323738
2025-06-01,A DIVISION,5,offpeak,2868807.5500717163,1.127657611819916,0.443441781191277,3235032.6706848145,1272149.1298987865,401566.03314876556,0.139976637031204,0.860023362968796
2025-06-01,A DIVISION,5,peak,3612980.099609375,1.019203735948563,0.209603593835607,3682362.8154296875,757293.6133346558,408606.5944824219,0.113094061748804,0.886905938251196
2025-06-01,A DIVISION,6,offpeak,5496059.359375,0.994187764182001,0.39358041624186,5464114.966308594,2163141.330352783,521056.03326416016,0.094805386767768,0.905194613232232
2025-06-01,A DIVISION,6,peak,5924949.6953125,1.027782743134339,0.421052051963146,6089561.05078125,2494712.226989746,536703.7207946777,0.090583675540619,0.909416324459381
2025-06-01,A DIVISION,7,offpeak,4783042.9033203125,1.426305349201659,0.941524249149127,6822079.678466797,4503350.878196716,726487.4975891113,0.151888141560427,0.848111858439573
2025-06-01,A DIVISION,7,peak,5209155.03125,1.987456697969088,0.579453200931614,10352970.057617188,3018461.557006836,599218.1365356445,0.115031734118279,0.884968265881721
2025-06-01,A DIVISION,S 42nd,offpeak,644473.7783203125,0.457334136803083,-0.121201184713666,294739.8591003418,-78110.98544931412,11860.453021764755,0.018403313557111,0.981596686442889
2025-06-01,A DIVISION,S 42nd,peak,876470.7553710938,0.426018975801259,-0.124132787395177,373393.1735229492,-108798.75793457031,1382.6030111312866,0.001577466221957,0.998422533778043
2025-06-01,B DIVISION,A,offpeak,3990281.7099609375,1.4968098004484,0.717307347964331,5972692.770019531,2862258.391002655,855524.1068115234,0.214401931742283,0.785598068257718
2025-06-01,B DIVISION,A,peak,4878289.990234375,0.959796840631762,0.069097340578677,4682167.3203125,337076.8648967743,632705.7556152344,0.12969826658149,0.87030173341851
2025-06-01,B DIVISION,B,offpeak,2486227.4709625244,1.453839762993449,0.984654306364436,3614576.357131958,2448074.5858848095,534829.6532108784,0.215116943022041,0.784883056977959
2025-06-01,B DIVISION,B,peak,3057430.16015625,1.363121814001064,0.809673301526514,4167649.74609375,2475519.571960449,634863.5166015625,0.207646122182924,0.792353877817076
2025-06-01,B DIVISION,C,offpeak,2844286.9365234375,1.724151258064161,0.568200530436578,4903980.899902344,1616125.3460464478,483303.7841796875,0.169920895804707,0.830079104195293
2025-06-01,B DIVISION,C,peak,2527398.2265625,1.334875122614436,0.185887569441055,3373761.017578125,469811.9133453369,356445.0427246094,0.141032402008689,0.858967597991311
2025-06-01,B DIVISION,D,offpeak,2911124.9165039062,1.292073180160248,0.693708094586103,3761386.4287109375,2019470.9189300537,627553.5833740234,0.215570819313271,0.784429180686729
2025-06-01,B DIVISION,D,peak,2887651.3994140625,0.958496344759937,0.311232340248337,2767803.311279297,898730.502861023,497587.0067138672,0.172315469524761,0.827684530475239
2025-06-01,B DIVISION,E,offpeak,3704490.662109375,1.185092184514945,1.050601403801344,4390162.931274414,3891943.089981079,678272.798034668,0.183094751721807,0.816905248278193
2025-06-01,B DIVISION,E,peak,4073885.6484375,0.8977219380662,0.342985746701842,3657216.5197753906,1397284.711107254,513295.0681152344,0.125996434954453,0.874003565045547
2025-06-01,B DIVISION,F,offpeak,4455401.71875,1.604343700333507,0.531493554445799,7147995.679931641,2368017.295982361,910218.6618652344,0.204295531429791,0.795704468570209
2025-06-01,B DIVISION,F,peak,5068703.162109375,1.371795225424361,0.118173979747893,6953222.796875,598988.8248271942,770043.6760253906,0.151921241271689,0.848078758728311
2025-06-01,B DIVISION,G,offpeak,1578413.2783203125,1.731056797517972,1.064192194403953,2732323.034729004,1679735.0903320312,291136.8977050781,0.184449093088532,0.815550906911468
2025-06-01,B DIVISION,G,peak,1773508.794921875,1.085404233193035,0.818258152848798,1924973.9536132812,1451188.030593872,310640.44567871094,0.175155852944273,0.824844147055727
2025-06-01,B DIVISION,JZ,offpeak,1650273.064453125,1.490330958296699,0.599334242081201,2459453.0375976562,989065.1563110352,328321.82247924805,0.198949997761764,0.801050002238236
2025-06-01,B DIVISION,JZ,peak,1719963.232421875,1.372434027889461,0.59154058147639,2360536.0668945312,1017428.0506248474,354140.1081542969,0.205899813134745,0.794100186865254
2025-06-01,B DIVISION,L,offpeak,3275429.783203125,1.05700214723551,0.630697346538457,3462136.3139648438,2065804.8730392456,328389.690536499,0.100258504157387,0.899741495842613
2025-06-01,B DIVISION,L,peak,3454999.65234375,0.99324058672713,0.606774031246818,3431645.8818359375,2096404.0670089722,323778.7618713379,0.093713109826711,0.906286890173289
2025-06-01,B DIVISION,M,offpeak,2314164.7607421875,2.64816936182859,0.260410023496664,6128300.21762085,602631.6997200251,478956.229095459,0.206967212197048,0.793032787802952
2025-06-01,B DIVISION,M,peak,2568546.5927734375,1.566241954824562,0.163252074934729,4022965.4365234375,419320.560836792,441008.6984863281,0.171695814172536,0.828304185827464
2025-06-01,B DIVISION,N,offpeak,2864691.0649414062,1.392996952848745,0.743878543157299,3990505.9243164062,2130982.2159843445,556034.0500488281,0.194099132312615,0.805900867687385
2025-06-01,B DIVISION,N,peak,3142911.94140625,1.183622879290994,0.203709156695959,3720022.4814453125,640239.9411535263,460331.39794921875,0.146466527389644,0.853533472610356
2025-06-01,B DIVISION,Q,offpeak,3321179.4233398438,1.451560063368045,0.741457860106907,4820891.414199829,2462514.5882606506,667351.3059692383,0.200938046670823,0.799061953329177
2025-06-01,B DIVISION,Q,peak,3647249.779296875,1.290050776042597,0.71016467141792,4705137.408203125,2590147.941093445,686738.3728027344,0.188289372639328,0.811710627360672
2025-06-01,B DIVISION,R,offpeak,3959845.7890625,1.429277172547465,0.243778081402638,5659717.193115234,965323.6091079712,712086.8957519531,0.179826926017879,0.820173073982121
2025-06-01,B DIVISION,R,peak,4570856,1.061843604340399,0.018312911133774,4853534.2099609375,83705.67973327637,614897.6922607422,0.134525719528408,0.865474280471592
2025-06-01,B DIVISION,S Fkln,offpeak,206625.05331420898,0.430699984489716,-0.028670444834995,88993.40725761652,-5924.032192572951,8914.376116037369,0.043142764989304,0.956857235010696
2025-06-01,B DIVISION,S Fkln,peak,200392.1867980957,0.704357224597145,-0.024925637643941,141147.6845240593,-4994.9030348062515,9521.915122509003,0.047516399090463,0.952483600909537
2025-06-01,B DIVISION,S Rock,offpeak,21978.212814331055,1.461367955429039,0.130943631112563,32118.255924463272,2877.9069912731647,4346.6276334524155,0.197769840076267,0.802230159923733
2025-06-01,B DIVISION,S Rock,peak,16978.734741210938,1.130722026789982,-0.883230062395349,19198.229358911514,-14996.12894487381,1989.33549284935,0.117166297911517,0.882833702088483
2025-06-01,B DIVISION,W,offpeak,1650868.7587890625,1.083170426738621,0.386778739338866,1788172.2179470062,638520.9373383522,206798.72547245026,0.125266605459383,0.874733394540617
2025-06-01,B DIVISION,W,peak,1832252.3076171875,0.652230391391278,-0.058888055384146,1195050.6397247314,-107897.77536869049,143785.86891174316,0.078474928542311,0.921525071457689
2025-07-01,A DIVISION,1,offpeak,5808637.666015625,1.864353431998346,0.810584876302642,10829353.567871094,4708393.843994141,817236.195098877,0.140693264425882,0.859306735574118
2025-07-01,A DIVISION,1,peak,6062211.267578125,1.602793455882531,0.642158540331564,9716472.547851562,3892900.7387695312,744009.673828125,0.122729090259066,0.877270909740934
2025-07-01,A DIVISION,2,offpeak,3745946.17578125,1.633084643044556,0.618124504629941,6117447.173339844,2315461.1242752075,621880.5906982422,0.166014288918218,0.833985711081782
2025-07-01,A DIVISION,2,peak,3969994.453125,1.108740993399924,0.366394569135628,4401695.59375,1454584.4071235657,525912.6950683594,0.132471896693554,0.867528103306446
2025-07-01,A DIVISION,3,offpeak,2912009.89453125,1.328321747520046,0.61949294061473,3868086.071899414,1803969.5726623535,379241.2030944824,0.130233487120596,0.869766512879404
2025-07-01,A DIVISION,3,peak,3153004.953125,0.97245234471687,0.585555371972797,3066147.0595703125,1846258.9881591797,380582.16540527344,0.120704588499955,0.879295411500045
2025-07-01,A DIVISION,4,offpeak,4626692.4873046875,0.8764132327579,0.472616484295099,4054894.5197753906,2186651.13726449,585992.1618652344,0.126654659559319,0.873345340440681
2025-07-01,A DIVISION,4,peak,4860423.724609375,0.672174768197243,0.048896115532098,3267054.1904296875,237655.8399734497,387928.79138183594,0.079813780312541,0.920186219687459
2025-07-01,A DIVISION,5,offpeak,3130691.1905822754,1.001065814866434,0.374677961865704,3134027.92779541,1173000.99451828,406280.9558124542,0.129773564711405,0.870226435288595
2025-07-01,A DIVISION,5,peak,3717645.509765625,0.822983351765988,-0.150528276857621,3059560.3623046875,-559610.7725524902,330689.974609375,0.088951454284898,0.911048545715102
2025-07-01,A DIVISION,6,offpeak,6072893.8408203125,1.043706226534322,0.417739134445097,6338317.114746094,2536885.4166412354,631165.8672180176,0.103931648364326,0.896068351635674
2025-07-01,A DIVISION,6,peak,6464125.56640625,0.948323736592502,0.341731012815267,6130083.7109375,2208992.1767730713,507460.83416748047,0.078504173372611,0.92149582662739
2025-07-01,A DIVISION,7,offpeak,5495562.796875,1.47788527750779,0.87525630916476,8121811.349121094,4810026.010375977,693468.2680664062,0.126186942756935,0.873813057243065
2025-07-01,A DIVISION,7,peak,5610117.421875,1.665735838959922,0.527525261254963,9344973.650390625,2959478.65864563,568964.3016357422,0.101417538858854,0.898582461141146
2025-07-01,A DIVISION,S 42nd,offpeak,778777.2131347656,0.384715391698392,-0.134810108382181,299607.5805969238,-104987.04050827026,12314.426385641098,0.015812515027337,0.984187484972663
2025-07-01,A DIVISION,S 42nd,peak,981540.4145507812,0.397072213814422,-0.137817063499184,389742.4253540039,-135273.01763916016,3347.811686038971,0.003410773144345,0.996589226855655
2025-07-01,B DIVISION,A,offpeak,4520906.841796875,1.421664586156861,0.730051659206062,6427213.154296875,3300495.5409698486,950291.2740478516,0.210199260303747,0.789800739696253
2025-07-01,B DIVISION,A,peak,5273097.56640625,1.157878570049482,0.378759890510474,6105606.669921875,1997237.8569030762,788557.9497070312,0.149543591745914,0.850456408254086
2025-07-01,B DIVISION,B,offpeak,2780940.782295227,2.539875565167725,1.535788289696399,7063243.541130066,4270936.287788153,714648.1802859306,0.256980725672303,0.743019274327696
2025-07-01,B DIVISION,B,peak,3299863.6591796875,2.704813552063933,1.494113695838266,8925515.9453125,4930371.487579346,859859.724609375,0.260574318644161,0.739425681355839
2025-07-01,B DIVISION,C,offpeak,3325457.0375976562,1.650881710857785,0.577499508811422,5489936.203613281,1920449.8057861328,575616.8396606445,0.173094053885741,0.826905946114259
2025-07-01,B DIVISION,C,peak,2786762.28125,1.670133538732611,0.381866287066039,4654265.150390625,1064170.5652766228,466105.53771972656,0.167257013939006,0.832742986060994
2025-07-01,B DIVISION,D,offpeak,3223895.0576171875,2.067287797516554,0.838134984392482,6664718.9130859375,2702059.2337989807,797754.112121582,0.247450397070682,0.752549602929318
2025-07-01,B DIVISION,D,peak,3014479.255859375,2.395024941014199,1.015078127614588,7219753.001953125,3059931.958770752,711956.0185546875,0.236178775213274,0.763821224786726
2025-07-01,B DIVISION,E,offpeak,4497706.118652344,1.561101120232053,1.474424430563714,7021374.060302734,6631527.782836914,1078298.9702148438,0.239744203326903,0.760255796673097
2025-07-01,B DIVISION,E,peak,4897470.466796875,1.552459783668481,0.793083087257275,7603125.94140625,3884100.9975585938,867835.2040405273,0.177200701857039,0.822799298142961
2025-07-01,B DIVISION,F,offpeak,5295381.6025390625,2.08439380886871,0.897950878054075,11037660.627929688,4754992.559631348,1316440.9133300781,0.248601708458341,0.751398291541659
2025-07-01,B DIVISION,F,peak,5715070.1328125,2.57816007710929,0.701480682884743,14734365.654296875,4009011.2994995117,1182683.865600586,0.206941268981167,0.793058731018833
2025-07-01,B DIVISION,G,offpeak,1700772.8211669922,1.081245404237764,0.84260481904917,1838952.7965393066,1433079.3752231598,283327.9616546631,0.166587775938386,0.833412224061614
2025-07-01,B DIVISION,G,peak,1829512.5966796875,1.307814980770106,0.652233194039102,2392663.9814453125,1193268.844467163,356565.46484375,0.194896425141246,0.805103574858754
2025-07-01,B DIVISION,JZ,offpeak,1851931.2822265625,1.173058049548826,0.442566934016572,2172422.8978271484,819603.5495843887,335895.1545715332,0.181375603833253,0.818624396166747
2025-07-01,B DIVISION,JZ,peak,1876187.896484375,1.147195137474794,0.423756119564795,2152353.6318359375,795046.1025886536,324318.1272583008,0.172860153221334,0.827139846778666
2025-07-01,B DIVISION,L,offpeak,4138344.0068359375,1.114896607017968,0.63293421164073,4613825.691894531,2619299.5014648438,406168.7933502197,0.098147663094051,0.901852336905949
2025-07-01,B DIVISION,L,peak,4061439.72265625,1.470236620477051,0.670429042133736,5971277.412109375,2722907.142944336,348459.86096191406,0.085797127313763,0.914202872686237
2025-07-01,B DIVISION,M,offpeak,2511343.8569335938,3.137888603907503,0.368622591459714,7880317.269165039,925738.0805892944,574558.5108566284,0.228785281342626,0.771214718657374
2025-07-01,B DIVISION,M,peak,2759330.505859375,2.776044602259402,0.452488112370526,7660024.556640625,1248564.252002716,605839.0428466797,0.219560158364572,0.780439841635428
2025-07-01,B DIVISION,N,offpeak,3215330.412109375,1.426393378879339,0.762478037908455,4586326.0107421875,2451618.823852539,651323.3134765625,0.20256808165767,0.79743191834233
2025-07-01,B DIVISION,N,peak,3450356.947265625,1.481110334985569,0.805332964674187,5110359.333984375,2778686.1895256042,652308.0728759766,0.189055243514131,0.810944756485869
2025-07-01,B DIVISION,Q,offpeak,4090370.2763671875,1.652850307370995,0.898789360399329,6760769.7685546875,3676381.2844924927,913684.9360351562,0.223374627307979,0.776625372692021
2025-07-01,B DIVISION,Q,peak,4193380.888671875,1.71617711705126,1.221663150677874,7196584.32421875,5122898.908447266,964336.4499511719,0.22996633874978,0.77003366125022
2025-07-01,B DIVISION,R,offpeak,4397209.9140625,1.58256792958498,0.445527414881894,6958883.3896484375,1959077.5657052994,822571.9195556641,0.187066784536494,0.812933215463506
2025-07-01,B DIVISION,R,peak,4840921.419921875,1.54902980164384,0.404731293673137,7498731.546875,1959272.3888549805,822634.5327148438,0.169933461288888,0.830066538711112
2025-07-01,B DIVISION,S Fkln,offpeak,252818.3809814453,0.432804696014211,-0.085049557094277,109420.98252747953,-21502.091327764094,8947.619739174843,0.035391492123476,0.964608507876524
2025-07-01,B DIVISION,S Fkln,peak,223609.50857543945,0.35391556231729,-0.073159650650399,79138.88496696949,-16359.193529486656,9668.165687799454,0.043236827223462,0.956763172776538
2025-07-01,B DIVISION,S Rock,offpeak,55155.829025268555,1.890728977111101,0.023135069176019,104284.72419466078,1276.0339199602604,10729.709983825684,0.194534470307936,0.805465529692064
2025-07-01,B DIVISION,S Rock,peak,33534.8874206543,1.262252335024105,-1.14036398029449,42329.489951491356,-38241.977697744966,4600.4424686431885,0.137183775539075,0.862816224460925
2025-07-01,B DIVISION,W,offpeak,1867209.7377929688,0.789936809772996,0.375652162892288,1474977.7034492493,701421.37657547,218923.0848760605,0.117246113516324,0.882753886483676
2025-07-01,B DIVISION,W,peak,1880763.982421875,1.122741055733025,0.275667787716598,2111610.9392089844,518466.046251297,210869.61421203613,0.11211912615452,0.88788087384548
2025-08-01,A DIVISION,1,offpeak,5288026.0908203125,0.951003642078707,0.555893273417816,5028932.071777344,2939578.133544922,612249.7322387695,0.115780391723406,0.884219608276594
2025-08-01,A DIVISION,1,peak,5553814.94140625,0.905106391097125,0.546932316723803,5026793.3984375,3037560.8725585938,464506.7407836914,0.083637417826183,0.916362582173817
2025-08-01,A DIVISION,2,offpeak,3367623.4951171875,1.388759216632512,0.613783523785348,4676818.1669921875,2066991.815615356,553895.3411254883,0.164476623330547,0.835523376669453
2025-08-01,A DIVISION,2,peak,3733888.06640625,1.16556567687181,0.389355339576126,4352091.771484375,1453809.256034851,485094.0375366211,0.129916598706053,0.870083401293947
2025-08-01,A DIVISION,3,offpeak,2625641.1772460938,1.102554772883841,0.445941738214631,2894913.2118530273,1170882.9905090332,338904.9067840576,0.129075103529386,0.870924896470614
2025-08-01,A DIVISION,3,peak,2843427.365234375,0.968072521587753,0.494232747357931,2752643.8994140625,1405314.9186325073,325725.6565551758,0.114553886811991,0.885446113188009
2025-08-01,A DIVISION,4,offpeak,4067587.11328125,0.899816373665153,0.381570188500256,3660081.4858398438,1552069.9815559387,505813.17401123047,0.124352142910395,0.875647857089605
2025-08-01,A DIVISION,4,peak,4236237.642578125,0.936139345794132,0.309046984782435,3965708.7353515625,1309196.4702606201,469856.2885131836,0.110913581379546,0.889086418620454
2025-08-01,A DIVISION,5,offpeak,2837281.7839889526,1.168263402012463,0.439517770822128,3314692.4694309235,1247035.764893055,373763.11504364014,0.131732814538486,0.868267185461514
2025-08-01,A DIVISION,5,peak,3511487.8623046875,0.994055969454617,-0.026261932141488,3490615.4711914062,-92218.45595550537,357629.4291687012,0.101845554702837,0.898154445297163
2025-08-01,A DIVISION,6,offpeak,5300896.830078125,0.968661504796658,0.411515178904756,5134774.7001953125,2181399.507385254,528573.2359924316,0.099713926329074,0.900286073670926
2025-08-01,A DIVISION,6,peak,5826567.85546875,1.032490145116661,0.424362245719352,6015873.890625,2472575.41998291,517991.5375061035,0.088901657091305,0.911098342908695
2025-08-01,A DIVISION,7,offpeak,4788158.3408203125,0.868808564279877,0.441295799857951,4159992.9736328125,2112994.164858818,477187.8401184082,0.09965999579635,0.90034000420365
2025-08-01,A DIVISION,7,peak,5075886.087890625,0.894726535810273,0.257095606899401,4541529.9755859375,1304988.0143184662,388089.6491699219,0.07645751745607,0.92354248254393
2025-08-01,A DIVISION,S 42nd,offpeak,736631.8245849609,0.43316822467534,-0.116785887586925,319085.4996948242,-86028.20145893097,15398.213113069534,0.020903540410768,0.979096459589232
2025-08-01,A DIVISION,S 42nd,peak,950442.1376953125,0.362189286248808,-0.128543599416072,344239.95947265625,-122173.2534160614,354.106951713562,0.000372570762248,0.999627429237752
2025-08-01,B DIVISION,A,offpeak,4034607.5009765625,1.238895438137876,0.536956885010118,4998456.827636719,2166410.2759628296,764534.5993041992,0.189494169908509,0.810505830091491
2025-08-01,B DIVISION,A,peak,4781583.88671875,1.005568540873341,0.17655467016228,4808210.33203125,844210.9659729004,644655.4010009766,0.134820472938174,0.865179527061825
2025-08-01,B DIVISION,B,offpeak,2448685.6353526115,1.524942811400508,0.822608832428123,3734105.5570106506,2014310.4314809293,508533.61068594456,0.207676152195304,0.792323847804696
2025-08-01,B DIVISION,B,peak,2966418.62109375,1.590732360943657,0.818248364302832,4718778.0966796875,2427267.1845474243,614192.2122802734,0.207048394286918,0.792951605713082
2025-08-01,B DIVISION,C,offpeak,2924117.7587890625,1.386333905864572,0.401312667176471,4053803.59375,1173485.4969177246,418535.6581726074,0.143132285597804,0.856867714402196
2025-08-01,B DIVISION,C,peak,2449588.8583984375,1.367228017099909,0.192687436926167,3349146.517578125,472004.9986476898,350924.744140625,0.143258630091118,0.856741369908882
2025-08-01,B DIVISION,D,offpeak,2891988.5439453125,1.472027490421614,0.408359595879682,4257086.638671875,1180971.2730941772,598298.3969116211,0.206881316374583,0.793118683625417
2025-08-01,B DIVISION,D,peak,2814885.517578125,1.321020384387372,0.353345907451334,3718521.1484375,994628.2775802612,501053.333984375,0.178001318652373,0.821998681347626
2025-08-01,B DIVISION,E,offpeak,4168465.064453125,1.097911889323369,0.742307577401252,4576607.3544921875,3094283.203475952,683451.9479980469,0.163957700839628,0.836042299160372
2025-08-01,B DIVISION,E,peak,4628515.740234375,1.052470823024821,0.62420921401421,4871377.7705078125,2889162.172264099,616316.3938598633,0.133156378512965,0.866843621487035
2025-08-01,B DIVISION,F,offpeak,4651223.15234375,1.647986560221234,0.563323281297088,7665153.243652344,2620142.2882232666,989802.3610839844,0.212804745905434,0.787195254094566
2025-08-01,B DIVISION,F,peak,5081401.716796875,1.48647115367745,0.651370974392028,7553357.072265625,3309877.5875473022,915867.6666259766,0.180239177626622,0.819760822373377
2025-08-01,B DIVISION,G,offpeak,1424833.9467773438,1.329963509998189,0.899826211680146,1894977.1570205688,1282102.9326019287,250501.63637542725,0.175811109036254,0.824188890963746
2025-08-01,B DIVISION,G,peak,1582766.5068359375,1.114699657891034,0.654042050022361,1764309.2836914062,1035195.8508377075,293992.517578125,0.185745981045452,0.814254018954548
2025-08-01,B DIVISION,JZ,offpeak,1635269.4619140625,1.369263888023606,0.597380317110065,2239115.4213867188,976877.7897186279,321164.3623046875,0.196398434499455,0.803601565500545
2025-08-01,B DIVISION,JZ,peak,1694090.8154296875,1.244958727588137,0.336695813763463,2109073.1459960938,570393.2856903076,285063.4822998047,0.168269303926013,0.831730696073987
2025-08-01,B DIVISION,L,offpeak,3631058.4741210938,1.147533037878717,0.617131480905586,4166759.5615234375,2240840.4933891296,339104.10345458984,0.093389876773238,0.906610123226762
2025-08-01,B DIVISION,L,peak,3643302.017578125,1.249080108950123,0.47503327752547,4550776.0810546875,1730689.698425293,262301.86181640625,0.071995640369878,0.928004359630122
2025-08-01,B DIVISION,M,offpeak,2279652.8861694336,1.630019936252252,0.108798481901567,3715879.652191162,248022.77327775955,419226.2938308716,0.183899178850562,0.816100821149438
2025-08-01,B DIVISION,M,peak,2554357.779296875,1.775835936005511,0.292821633144825,4536120.337890625,747971.2165699005,478416.03271484375,0.187294057470107,0.812705942529893
2025-08-01,B DIVISION,N,offpeak,2938657.01171875,1.33675136144348,0.550509128620444,3928253.7612304688,1617757.5108356476,542237.2111816406,0.184518713486913,0.815481286513087
2025-08-01,B DIVISION,N,peak,3156031.9765625,1.666876346579713,0.346760306364339,5260715.05078125,1094386.6150884628,499865.38916015625,0.158384133263631,0.841615866736369
2025-08-01,B DIVISION,Q,offpeak,3654406.7451171875,1.447735358969259,0.671778758493043,5290613.860961914,2454952.8262634277,738588.1458740234,0.202108905053025,0.797891094946975
2025-08-01,B DIVISION,Q,peak,3795421.55078125,1.517882529871772,0.732607400729924,5761004.0654296875,2780553.9169921875,731633.0883789062,0.192767279889715,0.807232720110285
2025-08-01,B DIVISION,R,offpeak,3926985.72265625,1.50469649656345,0.287458003951001,5908921.658935547,1128843.4773788452,685685.0831298828,0.174608499127947,0.825391500872053
2025-08-01,B DIVISION,R,peak,4416162.962890625,1.403265811736824,0.302833248088038,6197050.5048828125,1337360.97413826,692285.6982421875,0.156761809756461,0.843238190243539
2025-08-01,B DIVISION,S Fkln,offpeak,225451.4581604004,0.621729784349623,0.003572028356465,140169.8864633739,805.3190015554428,10927.602914094925,0.048469870202926,0.951530129797074
2025-08-01,B DIVISION,S Fkln,peak,202122.44677734375,0.459290511398943,0.009443137527304,92832.9219455719,1908.6700622737408,10464.46814918518,0.051772914468588,0.948227085531412
2025-08-01,B DIVISION,S Rock,offpeak,43552.06275177002,1.352798461023497,-0.256910657865168,58917.16346499324,-11188.989092942327,6517.942196726799,0.149658633481416,0.850341366518584
2025-08-01,B DIVISION,S Rock,peak,25777.758590698242,0.904937846525088,-1.240982897597932,23327.269347310066,-31989.757549464703,2542.5686634778976,0.09863420260268,0.90136579739732
2025-08-01,B DIVISION,W,offpeak,1557934.6452636719,0.811887418482607,0.175549872181957,1264867.5373077393,273495.22784388065,161764.63095092773,0.103832745130044,0.896167254869956
2025-08-01,B DIVISION,W,peak,1728965.0810546875,1.413631197746698,0.162249892891225,2444118.9783935547,280524.3992137909,188630.86434936523,0.10910044767029,0.89089955232971
2025-09-01,A DIVISION,1,offpeak,4725897.775390625,1.129841263448661,0.640202106299444,5339514.3134765625,3025529.7099609375,618966.3502502441,0.130973283737413,0.869026716262587
2025-09-01,A DIVISION,1,peak,5258778.4375,1.016311731749608,0.633288520738924,5344558.220703125,3330324.017578125,500053.9890136719,0.095089381489781,0.904910618510219
2025-09-01,A DIVISION,2,offpeak,3056775.5952148438,1.52246666729813,0.728751148783864,4653838.953125,2227628.7265872955,581229.2855834961,0.190144571454106,0.809855428545894
2025-09-01,A DIVISION,2,peak,3537256.068359375,1.525873335853873,0.735190180619743,5397404.716796875,2600555.92779541,565328.9328613281,0.159821319671531,0.840178680328468
2025-09-01,A DIVISION,3,offpeak,2340267.7756347656,1.273286591495024,0.640303685548436,2979831.579223633,1498482.0819091797,344563.73833465576,0.147232612405304,0.852767387594696
2025-09-01,A DIVISION,3,peak,2659883.341796875,1.162904625918117,0.724862872996058,3093190.642578125,1928050.6809692383,352432.23614501953,0.13249913280292,0.86750086719708
2025-09-01,A DIVISION,4,offpeak,3908991.953125,0.957024139475537,0.487638976906511,3740999.66015625,1906176.83675766,513044.566986084,0.131247281431709,0.868752718568291
2025-09-01,A DIVISION,4,peak,4175370.9609375,1.004642930463572,0.524194448522375,4194756.91796875,2188706.278244972,544876.3297729492,0.130497705442346,0.869502294557654
2025-09-01,A DIVISION,5,offpeak,2639753.508079529,1.174189561668397,0.514582293426064,3099571.014564514,1358370.4142670631,382065.37655830383,0.144735247207329,0.855264752792671
2025-09-01,A DIVISION,5,peak,3367876.9609375,1.141329764807253,0.413393412197315,3843858.2197265625,1392258.1487426758,426261.134765625,0.126566718353918,0.873433281646082
2025-09-01,A DIVISION,6,offpeak,4934040.741699219,0.994938750224212,0.394723299230891,4909068.3291015625,1947580.8401031494,486439.03997802734,0.09858837116341,0.90141162883659
2025-09-01,A DIVISION,6,peak,5594356.171875,1.107450272253318,0.570846648989488,6195471.265625,3193519.473968506,597834.7504272461,0.106863905704251,0.893136094295749
2025-09-01,A DIVISION,7,offpeak,4503954.248046875,0.780208468832124,0.450725685761271,3514023.2475585938,2030047.8670883179,433759.27893066406,0.096306324407883,0.903693675592117
2025-09-01,A DIVISION,7,peak,4989260.2265625,0.780134381583051,0.269884693236338,3892293.44140625,1346524.965722084,359066.0285644531,0.071967789263188,0.928032210736812
2025-09-01,A DIVISION,S 42nd,offpeak,653060.8377685547,0.410832039203415,-0.142344578252128,268298.3157043457,-92959.66952514648,10549.400396108627,0.016153778922275,0.983846221077726
2025-09-01,A DIVISION,S 42nd,peak,896036.3364257812,0.366821115778802,-0.144394337814365,328685.0487060547,-129382.57345581055,400.6999673843384,0.000447191649596,0.999552808350404
2025-09-01,B DIVISION,A,offpeak,3713016.5810546875,1.196544366360908,0.493394462155768,4442789.072265625,1831981.8189849257,676480.6525878906,0.182191659482365,0.817808340517635
2025-09-01,B DIVISION,A,peak,4611254.275390625,0.965336232032304,0.121503507573916,4451410.8271484375,560283.568775177,571199.4890136719,0.123870742080317,0.876129257919683
2025-09-01,B DIVISION,B,offpeak,2360104.625732422,1.557634139571744,0.843387206061375,3676179.538002014,1990482.0463089943,475657.1224551201,0.201540693267998,0.798459306732002
2025-09-01,B DIVISION,B,peak,2949512.7451171875,1.700758517201205,0.791447357175224,5016408.9228515625,2334384.0670776367,636494.1733398438,0.215796380060923,0.784203619939077
2025-09-01,B DIVISION,C,offpeak,2679391.8974609375,1.375763305730814,0.427749142327331,3686209.0541992188,1146107.5860977173,381823.88984680176,0.14250393539244,0.85749606460756
2025-09-01,B DIVISION,C,peak,2357783.7939453125,1.336844699531951,0.209878788962308,3151990.767578125,494848.807308197,324168.3726196289,0.137488591384876,0.862511408615124
2025-09-01,B DIVISION,D,offpeak,2793303.72265625,1.371416275615548,0.498706821573678,3830782.1879882812,1393039.6212158203,566468.3568115234,0.20279511755809,0.79720488244191
2025-09-01,B DIVISION,D,peak,2689705.2109375,1.280524857093496,0.324341670086542,3444234.380859375,872383.4801559448,484891.4893798828,0.180276815246558,0.819723184753442
2025-09-01,B DIVISION,E,offpeak,3930874.4609375,1.004951605605336,0.614430148226782,3950338.6009521484,2415247.777694702,590134.4370117188,0.150128029494733,0.849871970505267
2025-09-01,B DIVISION,E,peak,4450021.1953125,0.991365837736099,0.403788356111886,4411598.990234375,1796866.7431182861,507271.82360839844,0.113993125278311,0.886006874721689
2025-09-01,B DIVISION,F,offpeak,4314560.318847656,1.37547787462831,0.369737541949388,5934582.257324219,1595254.9268831015,759767.9578857422,0.176093947410304,0.823906052589696
2025-09-01,B DIVISION,F,peak,4893959.26953125,1.102869081652849,0.455835455030591,5397396.365234375,2230840.150527954,659232.2795410156,0.134703262375978,0.865296737624022
2025-09-01,B DIVISION,G,offpeak,1335567.7354736328,1.085118596930123,0.892040835133969,1449249.38722229,1191380.9581298828,224002.4110107422,0.167720741570104,0.832279258429896
2025-09-01,B DIVISION,G,peak,1523432.65625,1.195231018170417,0.673353698651824,1820853.96484375,1025809.0137329102,264732.35192871094,0.173773583520496,0.826226416479504
2025-09-01,B DIVISION,JZ,offpeak,1560277.66796875,1.102440089614909,0.549281200796688,1720112.6520996094,857031.1910381317,274905.0493621826,0.176189825058554,0.823810174941446
2025-09-01,B DIVISION,JZ,peak,1667055.7763671875,1.217823475644044,0.486554928858667,2030179.6596679688,811114.2046737671,276599.2127685547,0.165920790827595,0.834079209172405
2025-09-01,B DIVISION,L,offpeak,3318050.482421875,0.995875273565121,0.687737394305757,3304364.4318847656,2281947.39295578,343607.8244781494,0.103557141851364,0.896442858148636
2025-09-01,B DIVISION,L,peak,3525326.6015625,0.750878292127654,0.630727172845832,2647091.2177734375,2223519.2807617188,240181.87397003174,0.068130389355579,0.931869610644421
2025-09-01,B DIVISION,M,offpeak,2120882.185180664,1.628327182964394,0.065206431374267,3453490.1139945984,138295.15866088867,387355.8032722473,0.18263900087371,0.81736099912629
2025-09-01,B DIVISION,M,peak,2470483.046875,1.57248506768176,0.205776384671611,3884797.701171875,508367.0697784424,430538.5955810547,0.174273041916097,0.825726958083903
2025-09-01,B DIVISION,N,offpeak,2720218.7666015625,1.465054883279316,0.583586692438321,3985269.7875976562,1587483.4727096558,520710.05459594727,0.191422124201607,0.808577875798393
2025-09-01,B DIVISION,N,peak,3044305.15234375,2.015571082909738,0.666655651166892,6136013.4326171875,2029503.2336864471,533691.3048095703,0.175308084473297,0.824691915526703
2025-09-01,B DIVISION,Q,offpeak,3307790.1611328125,1.303200927232289,0.616772130115529,4310715.205078125,2040152.783657074,632712.2816772461,0.19127944967965,0.80872055032035
2025-09-01,B DIVISION,Q,peak,3617400.205078125,1.392946953624198,0.929219904474921,5038846.595703125,3361360.273010254,729979.6506347656,0.201796762661211,0.798203237338789
2025-09-01,B DIVISION,R,offpeak,3630372.4724121094,1.428823218859131,0.319597247811894,5187160.481689453,1160257.0507149696,616376.4361572266,0.169783249746738,0.830216750253262
2025-09-01,B DIVISION,R,peak,4298825.494140625,1.44244795819055,0.366057920539465,6200832.056640625,1573619.1211471558,668494.6911621094,0.155506356811478,0.844493643188522
2025-09-01,B DIVISION,S Fkln,offpeak,197389.5743408203,0.722727246011422,-0.032977059999761,142658.82345470786,-6509.327836364508,12412.80905842781,0.062884826110397,0.937115173889603
2025-09-01,B DIVISION,S Fkln,peak,185539.26818847656,0.289088782567142,-0.016852936010604,53637.321159005165,-3126.881414234638,8165.478900909424,0.044009437897614,0.955990562102386
2025-09-01,B DIVISION,S Rock,offpeak,41134.21455001831,1.605233826754073,-0.226630874493462,66030.03263264894,-9322.283015072346,6939.4878141880035,0.168703544971054,0.831296455028946
2025-09-01,B DIVISION,S Rock,peak,28062.972816467285,0.931054613908434,-1.538929287950202,26128.16032075882,-43186.93077421188,3096.905287504196,0.110355567379053,0.889644432620947
2025-09-01,B DIVISION,W,offpeak,1576175.7966308594,0.92223101735426,0.459073498615031,1453598.2084560394,723580.5373916626,192183.53139686584,0.121930264255844,0.878069735744156
2025-09-01,B DIVISION,W,peak,1704183.4921875,2.051844426911152,0.725635981179918,3496719.4008789062,1236616.860464096,228005.9640197754,0.133791909770881,0.866208090229119
2025-10-01,A DIVISION,1,offpeak,6086172.8818359375,1.031505049792417,0.679811165024885,6277918.0615234375,4137448.27734375,756302.4290161133,0.124265682835478,0.875734317164522
2025-10-01,A DIVISION,1,peak,6816625.609375,1.066932927114352,0.75078799477041,7272882.314453125,5117840.672363281,741285.0755615234,0.108746631844064,0.891253368155936
2025-10-01,A DIVISION,2,offpeak,3822417.8994140625,1.618818775091267,0.60989574674538,6187801.861816406,2331276.4191360474,647482.1497802734,0.169390727758868,0.830609272241132
2025-10-01,A DIVISION,2,peak,4506793.474609375,1.483600682323915,0.552155200269145,6686281.8740234375,2488449.4535446167,663646.5709228516,0.147254711062697,0.852745288937303
2025-10-01,A DIVISION,3,offpeak,2909323.4622802734,1.049872825466245,0.492856743891028,3054419.6435394287,1433879.688545227,377884.93197631836,0.129887562134511,0.870112437865489
2025-10-01,A DIVISION,3,peak,3432408.1015625,1.089304620050177,0.638805557885004,3738938.0029296875,2192641.3722076416,457763.50091552734,0.133365114919506,0.866634885080494
2025-10-01,A DIVISION,4,offpeak,4732677.443359375,1.111176387312647,0.360780404952332,5258839.423828125,1707457.284523964,663652.6447143555,0.140227736340991,0.859772263659009
2025-10-01,A DIVISION,4,peak,5159014.7265625,0.91176192765944,0.390089084736077,4703793.2119140625,2012475.332824707,565581.1849365234,0.1096296899531,0.8903703100469
2025-10-01,A DIVISION,5,offpeak,3384246.2409057617,1.263112808446976,0.59694511722317,4274684.773826599,2020209.268989563,498649.32245635986,0.147344279038898,0.852655720961102
2025-10-01,A DIVISION,5,peak,4381219.154296875,1.199877854480633,0.289308939979296,5256927.8388671875,1267525.8693466187,525888.2673339844,0.120032403952726,0.879967596047274
2025-10-01,A DIVISION,6,offpeak,6423613.263671875,1.311158004539654,0.56196504984879,8422371.948730469,3609846.1479287148,779788.784362793,0.121394105210663,0.878605894789337
2025-10-01,A DIVISION,6,peak,7265760.18359375,1.175173317353229,0.627020959773028,8538527.498046875,4555783.923797607,792448.0594482422,0.109066090735778,0.890933909264222
2025-10-01,A DIVISION,7,offpeak,5662788.751953125,1.231322189861386,0.620152968305768,6972717.446777344,3511795.2534122467,692684.3553161621,0.12232212530924,0.87767787469076
2025-10-01,A DIVISION,7,peak,6208225.228515625,1.60357623240665,0.23625586828817,9955362.421875,1466729.6418914795,499614.0268249512,0.08047614389538,0.91952385610462
2025-10-01,A DIVISION,S 42nd,offpeak,757001.1674804688,0.422861718383229,-0.165364314325362,320106.81449890137,-125180.97900390625,12623.513679981232,0.016675685880375,0.983324314119625
2025-10-01,A DIVISION,S 42nd,peak,1036188.2734375,0.399919099358633,-0.171754785298995,414391.48107910156,-177970.29443359375,883.6505556106567,0.000852789573346,0.999147210426654
2025-10-01,B DIVISION,A,offpeak,4679963.73828125,1.200363699294889,0.706099155296995,5617658.585449219,3304518.4424209595,922014.4650878906,0.197013164342702,0.802986835657298
2025-10-01,B DIVISION,A,peak,5829081.298828125,0.99496000811194,0.397713875989559,5799702.7763671875,2318306.5168151855,835782.4299316406,0.143381501661276,0.856618498338724
2025-10-01,B DIVISION,B,offpeak,2733599.3028030396,1.550437120672888,1.224051720178995,4238273.832111359,3346066.9288761616,639310.5549268723,0.23387134839818,0.76612865160182
2025-10-01,B DIVISION,B,peak,3631767.60546875,1.67114159642909,0.920418117940723,6069197.9140625,3342744.704223633,805856.0913085938,0.221890874871819,0.77810912512818
2025-10-01,B DIVISION,C,offpeak,3388407.009765625,1.477343526387871,0.556913748600442,5005841.160644531,1887050.4495925903,558815.1684875488,0.164919729795448,0.835080270204552
2025-10-01,B DIVISION,C,peak,3108170.564453125,1.451506286327321,0.414854466124398,4511529.11328125,1289438.4401397705,488785.7106933594,0.157258329476317,0.842741670523683
2025-10-01,B DIVISION,D,offpeak,3481553.3364257812,1.405508714318458,0.505379189627953,4893353.5537109375,1759504.6038093567,731076.9732666016,0.209985860511658,0.790014139488342
2025-10-01,B DIVISION,D,peak,3373471.142578125,1.268051423873451,0.366630320377045,4277734.8857421875,1236816.8057861328,601444.4718017578,0.178286532293296,0.821713467706704
2025-10-01,B DIVISION,E,offpeak,4774508.8056640625,1.189747430563209,0.791534952572738,5680459.583740234,3779190.601049423,811131.6314697266,0.16988797476035,0.83011202523965
2025-10-01,B DIVISION,E,peak,5480021.8984375,1.424305845896604,0.746890602341279,7805227.2255859375,4092976.856567383,817246.5168457031,0.149131980125613,0.850868019874387
2025-10-01,B DIVISION,F,offpeak,5411733.333984375,1.600966860863451,0.430864342738507,8664005.727539062,2331722.926023245,1021516.2791748047,0.188759537126475,0.811240462873525
2025-10-01,B DIVISION,F,peak,6272453.51171875,1.548536190420239,0.582878014396707,9713121.265625,3656075.2483062744,1033530.05078125,0.164772851460807,0.835227148539193
2025-10-01,B DIVISION,G,offpeak,1723759.068725586,1.442198765101597,1.037046742361034,2486003.2002487183,1787618.7268371582,308328.03985214233,0.178869567937993,0.821130432062007
2025-10-01,B DIVISION,G,peak,2066788.076171875,1.539682765092475,0.901409890977895,3182197.9799804688,1863023.214416504,403488.07403564453,0.195224696081559,0.804775303918441
2025-10-01,B DIVISION,JZ,offpeak,1986106.1098632812,1.083657345724571,0.561352462349784,2152258.475341797,1114905.5552597046,328824.38174438477,0.165562343377021,0.834437656622978
2025-10-01,B DIVISION,JZ,peak,2128546.87890625,1.180390971172398,0.762104558704615,2512517.517578125,1622175.2798309326,380998.4089355469,0.178994605526998,0.821005394473002
2025-10-01,B DIVISION,L,offpeak,4163863.6923828125,1.469820604270356,0.777033970974737,6120132.6484375,3235463.539489746,540001.4285583496,0.129687585486097,0.870312414513903
2025-10-01,B DIVISION,L,peak,4472021.306640625,1.62490492902545,0.832801670339656,7266609.4638671875,3724306.8139648438,492460.02757263184,0.110120232844456,0.889879767155544
2025-10-01,B DIVISION,M,offpeak,2690698.8248291016,1.711641865051282,0.095272074766704,4605512.754821777,256348.45961380005,506111.7721557617,0.188096775263544,0.811903224736456
2025-10-01,B DIVISION,M,peak,3087616.96875,1.83069868491723,0.384444474302387,5652496.32421875,1187017.2823982239,604965.5036621094,0.195932821261513,0.804067178738487
2025-10-01,B DIVISION,N,offpeak,3257371.4565429688,1.478790249159785,0.667119085654069,4816969.147827148,2173054.6677246094,649805.9735107422,0.199487833113261,0.800512166886739
2025-10-01,B DIVISION,N,peak,3753724.771484375,1.545831203432846,0.57262438533722,5802624.880859375,2149474.339996338,705589,0.187970360895954,0.812029639104046
2025-10-01,B DIVISION,Q,offpeak,3971182.642578125,1.70633866216234,0.870215971836808,6776182.4775390625,3455786.562652588,850024.9859619141,0.214048323249638,0.785951676750362
2025-10-01,B DIVISION,Q,peak,4537678.5078125,1.803355132599131,1.042505048352962,8183045.8271484375,4730552.752197266,1015048.5483398438,0.223693359190661,0.776306640809339
2025-10-01,B DIVISION,R,offpeak,4550396.2734375,1.517346407774997,0.346940615010244,6904527.439453125,1578717.2816467285,820373.4033203125,0.180286145210949,0.819713854789052
2025-10-01,B DIVISION,R,peak,5387963.015625,1.23487318265075,0.276665857095351,6653451.037109375,1490665.4057159424,794872.3884277344,0.147527439613564,0.852472560386436
2025-10-01,B DIVISION,S Fkln,offpeak,247768.40966796875,0.717332647790731,-0.062068255793868,177732.3693460226,-15378.553028911352,15013.322898030281,0.060594177111398,0.939405822888602
2025-10-01,B DIVISION,S Fkln,peak,253958.59631347656,0.430188303329184,-0.036806772106124,109250.01766395569,-9347.396178901196,13733.536799907684,0.054077857569175,0.945922142430825
2025-10-01,B DIVISION,S Rock,offpeak,32045.779121398926,0.881233294471759,-0.676134839401582,28239.807509064674,-21667.267719745636,3612.150691628456,0.112718454369437,0.887281545630563
2025-10-01,B DIVISION,S Rock,peak,25874.86883544922,0.80641526636428,-1.019723878362659,20865.88924407959,-26385.22160100937,2384.454902768135,0.092153313623811,0.907846686376189
2025-10-01,B DIVISION,W,offpeak,1884819.64453125,0.912475532174721,0.352216391321877,1719851.8081970215,663864.3734893799,239170.27449941635,0.126892923253088,0.873107076746912
2025-10-01,B DIVISION,W,peak,2072119.5986328125,1.119685190455332,0.29222172810521,2320121.6274414062,605518.3699531555,262492.00201416016,0.126678017131517,0.873321982868483
2025-11-01,A DIVISION,1,offpeak,5391447.1015625,1.229437360061287,0.691829107313212,6628446.491455078,3729960.0354003906,688831.7204589844,0.127763790960567,0.872236209039433
2025-11-01,A DIVISION,1,peak,5720884.69140625,0.95081457063021,0.559114585469411,5439500.521484375,3198630.0727539062,504608.353515625,0.088204601339655,0.911795398660345
2025-11-01,A DIVISION,2,offpeak,3272499.7392578125,1.406910467838371,0.646055018026065,4604114.139160156,2114214.878036499,559329.8240966797,0.170918218078616,0.829081781921384
2025-11-01,A DIVISION,2,peak,3825267.08203125,1.120631445380091,0.432281022914524,4286714.5791015625,1653590.3671417236,498362.3508300781,0.130281713705973,0.869718286294027
2025-11-01,A DIVISION,3,offpeak,2537045.115234375,1.088632087499951,0.602235364107616,2761908.7198791504,1527898.2887306213,348100.4121246338,0.137207024831514,0.862792975168486
2025-11-01,A DIVISION,3,peak,2772825.1904296875,0.95863290862742,0.554020726347896,2658121.477416992,1536202.6260375977,327444.9431152344,0.118090727192396,0.881909272807604
2025-11-01,A DIVISION,4,offpeak,4037130.171875,1.017566609434322,0.376572052649589,4108048.8608398438,1520270.3956365585,551299.1864013672,0.136557198537228,0.863442801462772
2025-11-01,A DIVISION,4,peak,4275793.908203125,1.103878564207485,0.411467085552702,4719957.240234375,1759348.4578323364,521897.5887451172,0.122058639857233,0.877941360142767
2025-11-01,A DIVISION,5,offpeak,2853700.832672119,1.218008404387136,0.561370850054058,3475831.5978012085,1601984.4622371197,393015.6756262779,0.137721400620075,0.862278599379925
2025-11-01,A DIVISION,5,peak,3593566.2109375,1.331817100537587,0.296705297422582,4785972.931640625,1066230.1314239502,444536.14208984375,0.123703339801237,0.876296660198763
2025-11-01,A DIVISION,6,offpeak,5541937.7822265625,1.075535404608445,0.586646236468895,5960550.294921875,3251156.9426879883,616305.769744873,0.111207630609173,0.888792369390827
2025-11-01,A DIVISION,6,peak,6062033.8515625,1.431290986584145,0.783708400332511,8676534.412109375,4750866.85256958,788250.6309814453,0.130030720758557,0.869969279241443
2025-11-01,A DIVISION,7,offpeak,4549101.794921875,0.897255917893105,0.344414824549892,4081708.506591797,1566778.0965576172,475849.889251709,0.104603042689196,0.895396957310804
2025-11-01,A DIVISION,7,peak,5032099.859375,1.191098867054416,0.225410111600673,5993728.44140625,1134286.1908874512,431699.7352294922,0.085789182904472,0.914210817095528
2025-11-01,A DIVISION,S 42nd,offpeak,693835.0375976562,0.391501668509936,-0.120027139499334,271637.5748901367,-83279.03484725952,12129.824687123299,0.017482289059834,0.982517710940166
2025-11-01,A DIVISION,S 42nd,peak,885411.43359375,0.39051149523908,-0.118438583840133,345763.34283447266,-104866.87631070614,900.1602997779846,0.001016657641436,0.998983342358564
2025-11-01,B DIVISION,A,offpeak,4174815.4467773438,0.838840289257804,0.695795658671656,3502003.3969726562,2904818.463623047,697328.658203125,0.167032211864937,0.832967788135063
2025-11-01,B DIVISION,A,peak,5085768.626953125,0.951120986472294,0.85294699283531,4837181.2734375,4337891.0566158295,805479.0146484375,0.158379012835863,0.841620987164137
2025-11-01,B DIVISION,B,offpeak,2274693.7461853027,1.011369775479315,0.91022741731313,2300556.5033636317,2070488.6137685776,437696.4893620014,0.192419964268168,0.807580035731832
2025-11-01,B DIVISION,B,peak,3146055.08984375,1.209827326062883,0.825282071836351,3806183.4169921875,2596382.862657547,608493.7521972656,0.193414843294269,0.806585156705731
2025-11-01,B DIVISION,C,offpeak,2789201.9111328125,0.894704368588394,0.018868360957202,2495511.134765625,52627.66844177246,367671.6203918457,0.131819650246302,0.868180349753698
2025-11-01,B DIVISION,C,peak,2321012.79296875,1.141898152708204,0.133361835808033,2650360.220703125,309534.52700424194,368089.619140625,0.158590086300132,0.841409913699868
2025-11-01,B DIVISION,D,offpeak,2961619.5341796875,1.192953687521693,0.39965892546775,3533074.9443359375,1183637.680674553,559244.400390625,0.188830602289205,0.811169397710795
2025-11-01,B DIVISION,D,peak,2680685.078125,1.037999314846902,0.380439702032145,2782549.2744140625,1019839.0323638916,463825.0069580078,0.173024802780053,0.826975197219948
2025-11-01,B DIVISION,E,offpeak,4108775.6708984375,1.181181136934195,0.61391855762437,4853208.318359375,2522453.633480072,650281.2711791992,0.158266433425655,0.841733566574345
2025-11-01,B DIVISION,E,peak,4697256.572265625,1.265338573324028,0.504797191869406,5943619.9296875,2371161.9271698,617176.337890625,0.13139080831451,0.86860919168549
2025-11-01,B DIVISION,F,offpeak,4737046.384765625,1.514582959229413,0.479704286130784,7174649.7314453125,2272381.454372406,921407.89453125,0.194511055980897,0.805488944019104
2025-11-01,B DIVISION,F,peak,5284649.96484375,1.219207533827976,0.501452835527007,6443085.05078125,2650002.7096385956,792289.8500976562,0.149922862510929,0.850077137489071
2025-11-01,B DIVISION,G,offpeak,1532351.5698242188,1.138407913270183,0.92750284213189,1744441.152999878,1421260.4361572266,274697.54261779785,0.179265351390157,0.820734648609843
2025-11-01,B DIVISION,G,peak,1733649.1494140625,1.092817675217498,0.760404690177068,1894562.4331054688,1318274.9443359375,323191.72998046875,0.186422800766638,0.813577199233362
2025-11-01,B DIVISION,JZ,offpeak,1685142.2475585938,0.99940149624383,0.368046994449866,1684133.68359375,620211.539434433,250316.16355895996,0.14854304669034,0.85145695330966
2025-11-01,B DIVISION,JZ,peak,1781385.4501953125,1.11989954293503,0.593248464506985,1994972.7514648438,1056804.1830234528,287637.7744140625,0.161468577383141,0.838531422616859
2025-11-01,B DIVISION,L,offpeak,3614070.2568359375,1.11496383872196,0.701606441010062,4029557.6469726562,2535654.9704589844,422849.83460998535,0.11700100013556,0.88299899986444
2025-11-01,B DIVISION,L,peak,3748583.025390625,0.830950174282756,0.592596159745719,3114885.7182617188,2221395.9053344727,239621.92985534668,0.063923335359599,0.936076664640401
2025-11-01,B DIVISION,M,offpeak,2320328.377685547,1.901229154573015,0.001731348908125,4411475.959838867,4017.2980031967163,441630.7851715088,0.19033115718389,0.80966884281611
2025-11-01,B DIVISION,M,peak,2594415.412109375,1.684380282226858,0.142391985157358,4369982.1640625,369423.9608530998,441872.689453125,0.170316861128212,0.829683138871788
2025-11-01,B DIVISION,N,offpeak,2777147.255859375,1.414018333378642,0.752771380410431,3926937.1342773438,2090556.9733963013,543530.7604370117,0.195715498805561,0.804284501194439
2025-11-01,B DIVISION,N,peak,3152971.673828125,1.38578636669174,0.508014115073255,4369345.16015625,1601754.114730835,536603.7161865234,0.170189830958746,0.829810169041254
2025-11-01,B DIVISION,Q,offpeak,3451274.9736328125,1.349281152331892,0.832093501419857,4656740.2734375,2871783.4771728516,701655.0155029297,0.203303133150346,0.796696866849654
2025-11-01,B DIVISION,Q,peak,3773134.328125,1.425370838386655,0.929403572814538,5378115.640625,3506764.5252685547,807569.0148925781,0.214031344941246,0.785968655058754
2025-11-01,B DIVISION,R,offpeak,3965144.751953125,1.495901448344872,0.283758998255027,5931465.77734375,1125145.5027503967,681283.3348999023,0.171818023683579,0.828181976316421
2025-11-01,B DIVISION,R,peak,4559836.787109375,1.149102346207494,0.192234592512504,5239719.150390625,876558.3666934967,632832.8640136719,0.138784104247478,0.861215895752522
2025-11-01,B DIVISION,S Fkln,offpeak,209619.8349533081,0.735596281098336,-0.076034296475318,154195.5710361004,-15938.296677947044,12045.60087132454,0.057464031846069,0.942535968153931
2025-11-01,B DIVISION,S Fkln,peak,217144.91369628906,0.341984351320612,-0.046783962303387,74260.16245299578,-10158.899456739426,10204.919929027557,0.0469958966817,0.9530041033183
2025-11-01,B DIVISION,S Rock,offpeak,26089.760093688965,0.992905238392684,-0.160660089479716,25904.659465432167,-4191.583191156387,3920.7314018011093,0.150278553260807,0.849721446739193
2025-11-01,B DIVISION,S Rock,peak,20999.39067840576,1.798971702939008,-0.609808156347093,37777.30960941315,-12805.599714010954,3526.0754022598267,0.1679132245435,0.8320867754565
2025-11-01,B DIVISION,W,offpeak,1674183.4763183594,0.966891704483763,0.524062801150308,1618754.1150360107,877377.2822389603,211991.0801639557,0.126623564957252,0.873376435042748
2025-11-01,B DIVISION,W,peak,1738750.9384765625,0.922158439328574,0.129656732661209,1603403.8518066406,225440.76559448242,179665.65072631836,0.103330296910572,0.896669703089428
